Project_code,mean,var,trial_1_Gen,trial_2_Gen,trial_3_Gen,trial_4_Gen,trial_5_Gen,trial_6_Gen,trial_7_Gen,trial_8_Gen,trial_9_Gen,trial_10_Gen,trial_11_Gen,trial_12_Gen,trial_13_Gen,trial_14_Gen,trial_15_Gen,trial_16_Gen,trial_17_Gen,trial_18_Gen,trial_19_Gen,trial_20_Gen,trial_21_Gen,trial_22_Gen,trial_23_Gen,trial_24_Gen,trial_25_Gen,trial_26_Gen,trial_27_Gen,trial_28_Gen,trial_29_Gen,trial_30_Gen,trial_31_Gen,trial_32_Gen,trial_33_Gen,trial_34_Gen,trial_35_Gen,trial_36_Gen,trial_37_Gen,trial_38_Gen,trial_39_Gen,trial_40_Gen,trial_41_Gen,trial_42_Gen,trial_43_Gen,trial_44_Gen,trial_45_Gen,trial_46_Gen,trial_47_Gen,trial_48_Gen,trial_49_Gen,trial_50_Gen,trial_51_Gen,trial_52_Gen,trial_53_Gen,trial_54_Gen,trial_55_Gen,trial_56_Gen,trial_57_Gen,trial_58_Gen,trial_59_Gen,trial_60_Gen,trial_61_Gen,trial_62_Gen,trial_63_Gen,trial_64_Gen,trial_65_Gen,trial_66_Gen,trial_67_Gen,trial_68_Gen,trial_69_Gen,trial_70_Gen,trial_71_Gen,trial_72_Gen,trial_73_Gen,trial_74_Gen,trial_75_Gen,trial_76_Gen,trial_77_Gen,trial_78_Gen,trial_79_Gen,trial_80_Gen,trial_81_Gen,trial_82_Gen,trial_83_Gen,trial_84_Gen,trial_85_Gen,trial_86_Gen,trial_87_Gen,trial_88_Gen,trial_89_Gen,trial_90_Gen,trial_91_Gen,trial_92_Gen,trial_93_Gen,trial_94_Gen,trial_95_Gen,trial_96_Gen,trial_97_Gen,trial_98_Gen,trial_99_Gen,trial_100_Gen
Hypsu1,0.433666667,0.006351536,,,,,,,0.45,,,,,0.526,,,,,0.368,0.418,0.604,,,,,,0.276,,,,0.482,,0.472,,,,,,,,,,,,,0.36,,0.55,,0.364,,,,,0.43,0.356,0.466,,0.556,,,0.36,0.508,0.404,,,,,0.392,,,,,,,,,,0.376,,,0.466,0.334,,0.422,,,,,,,,,,,,,,,0.468,,
Phohig1,0.518068966,0.004669281,,,,,0.414,0.634,,,0.624,,0.536,,0.462,,,,0.544,,,0.436,0.508,,0.552,,0.358,,0.472,,,,0.538,,,,,,,,0.56,,,,,0.432,,,,0.492,,,0.562,,,0.546,,,,,,0.504,0.51,0.558,,0.432,,,,,,,,,0.64,0.56,,,,,,,,,,0.582,0.458,0.512,0.46,,,,,,,0.558,0.58,,,,,
Phoaln1,0.44630303,0.00697678,,,0.464,,0.338,,0.438,,,0.548,,0.596,,,0.376,,,,,0.328,,0.544,0.456,,0.272,,0.284,,,0.406,,,0.396,,0.52,,0.476,0.544,,0.51,,0.498,0.54,0.356,0.542,,,,,0.402,,,0.412,,0.434,,,,,,,,,0.368,,,,,,,,,,0.498,,0.504,,,0.542,,0.338,,0.438,,,,,,0.408,,,,,,,,0.458,0.494,,
Gymch1,0.515793103,0.003128956,,,0.456,0.558,,0.526,,,0.554,0.464,,0.486,,,,,,,0.564,,,,0.494,0.54,,,,,,,0.468,,,,0.484,0.5,,0.498,,,,,,,0.448,0.576,,0.438,,,,,0.454,0.544,,,0.628,0.538,,,0.57,,,,,0.56,,,,,,,0.606,,,0.432,,,,,,0.462,,,,,,0.538,,,,0.616,,,,,0.45,0.506,,
Gymjun1,0.538,0.004226667,0.562,0.522,,0.584,,,0.418,,0.608,,,,,,,,,,0.622,,,,,,,,,,,,,,,,,,0.454,0.534,,,,,,,,0.582,0.466,,,,,0.59,,,0.434,,0.558,,,,0.572,,0.572,,,,0.454,,,0.526,,0.586,0.616,0.492,,,,,0.536,,,,0.414,,,,,,,,,0.612,,0.594,,,,,,0.542
Galma1,0.433090909,0.004003273,0.46,0.478,0.458,0.58,0.352,,0.43,0.39,,,,,0.326,,0.44,,,,,,0.368,,,,0.294,,,0.516,,,0.488,,0.408,,,,,0.486,,0.448,0.438,,,,,,0.47,0.476,0.468,,,,,,,,,,,,,,0.488,,0.434,,0.332,,,,0.404,,,,,,0.444,0.378,,,0.358,0.484,,,,,,,,0.488,0.354,,0.422,,,,0.514,,0.418,
Creces1,0.52683871,0.008008206,,,0.586,0.58,0.534,,0.55,,,0.574,,,0.39,,0.572,0.586,,,0.68,,,0.528,,,,0.426,,,,,,,,0.53,,,0.552,0.538,0.414,0.66,,0.602,,,0.416,,,,,0.368,,,0.59,,,,0.496,,,,,,,,,,,0.6,,,,,,,,0.62,,,,,,,,0.59,0.496,,,,,0.344,0.37,,0.438,,,0.524,,0.614,,0.564
Crevar1,0.582787879,0.008569735,0.612,,,,,,,,,,0.63,,0.442,0.67,,,0.642,,,0.656,,0.56,,,,0.452,,,,0.628,,,,,0.632,0.606,,,0.402,,,,,,0.466,,,,,0.46,,0.636,,,0.628,,0.52,0.626,0.694,,,0.606,,,0.662,,0.568,,,,0.624,0.664,,,,,0.618,,0.686,,,0.638,0.632,,,,,0.654,,0.402,0.398,,0.454,0.664,,,,,,
Crula1,0.395419355,0.003812852,0.41,,0.41,0.44,,,,,,,,,0.344,0.398,,,,,,0.394,,,,,,0.432,0.312,0.512,,0.38,0.388,0.394,,0.374,0.466,,,,,,,,,,,,0.45,,,,0.446,0.33,0.414,0.326,,0.534,,,,0.4,,,,,,,0.276,,,0.4,,,,,,,,0.376,,,,,,,0.266,0.35,0.362,,0.376,0.358,,,,,0.47,,,,,0.47
Cyastr2,0.59088,0.00268836,,,,,,,,,,0.62,,0.642,,,,0.614,0.504,0.654,0.638,,,0.654,0.578,,,,,0.546,,,,,,,0.524,,,,,0.602,,0.616,0.636,0.548,0.552,,,0.57,,,,,,,,0.56,0.688,,,0.478,,,,,,0.602,,0.654,,,,,0.562,0.576,,0.598,,,,,,,,,,,,,,,,,,,,,,,,0.556
Plucer1,0.436967742,0.001710632,,,,,,,,,0.408,,0.432,,,0.424,,,,,,,,,0.472,0.482,,0.44,0.354,,,0.464,,0.436,0.416,,0.496,0.43,0.43,0.384,,,,,,0.398,,0.476,0.364,0.478,0.476,,,0.442,,,0.48,,,0.432,,0.432,,,,0.366,,,,0.482,,0.502,,,,,,,,,,,,,,,,0.458,,,,,0.42,,0.43,,,0.364,,,0.478,
Volvo1,0.414787879,0.003378485,,0.424,0.364,,,,0.354,0.34,,,,0.522,0.382,,,0.482,0.492,0.368,,,,,,,0.384,,,0.414,,,,,,,,,,,0.446,,0.418,0.524,,0.432,,,0.326,,0.424,,,,,,0.366,,,0.39,,,0.478,0.426,,,,0.424,0.294,0.448,0.418,,0.402,,0.466,,,,,,,0.408,,,,0.474,0.342,,,0.388,,0.354,,0.514,,,,,,,,
Panst_KUC8834_1_1,0.216588235,0.001815886,,,0.26,0.212,0.148,0.25,,,0.22,,,,0.168,0.218,,0.162,,,0.288,,0.248,,0.256,,,,,0.238,,,0.188,0.254,0.218,,0.146,0.286,,,,,,,0.148,0.164,0.208,,0.158,,,,0.292,,,,,0.228,0.24,,,,,,,0.192,,0.178,,,,,,0.21,,,0.2,,,,,,0.202,,,0.208,0.22,,,0.292,,0.248,,,,,,,,0.216,,
Panst_LUM_1_1,0.211314286,0.001992928,,,0.246,,,,0.232,0.182,,0.206,,,,,,,,,,0.222,0.26,0.224,0.26,,,,,,0.208,,,0.276,0.232,,,0.288,,0.174,,,,,,,,,,,0.162,,0.286,0.216,,,,,,,0.184,,,,,,0.168,,0.176,0.218,0.212,0.188,,,,,,,0.186,0.17,,,0.208,0.136,0.16,,,0.178,,0.344,0.2,0.262,,0.164,0.184,,,0.188,0.196,,,
LedTMI1148_1,0.010129032,7.68E-05,,0.014,0.008,0.01,0.01,,,,,,,0.008,0.008,,,,,,,0.006,,,,,0.006,,0.018,,0.008,,,,,0.006,0.008,0.01,0.004,0.008,,,,,,,,,,,,,,0.012,,,,,,,,,,0,,,0.002,,,,,,0.01,,0.014,0.008,0.006,,,0.012,,,0.012,0.01,0.014,,,,,0.012,0.052,0,,,,,,,,,0.012,0.006
Lenedo1,0.01626087,0.000103383,,,,0.022,,,,,,0.03,,0.026,0.012,0.028,0.01,,,,,,,,,,,,,,,,,0.018,,0.014,,,,,,,,,0.01,0.002,,,,0.014,,,,0.02,,,,0.012,,,,,0.012,,,,,,,,,0.012,,,,,0.018,,,0.006,,0.004,,,0.014,,,,,,0.05,,0.016,,,,,0.012,0.012,,,
LedVB361_1,0.02088,5.80E-05,0.034,0.014,,,0.01,,0.03,,,,,0.016,0.016,,,,,0.028,,0.022,,,,,0.014,,,,,,,,0.012,,,,,,0.02,,,,0.012,,,,,0.02,,,0.034,,,,,,,,,0.026,,,,,,,,,0.024,,0.024,,,,0.034,,,0.024,,,0.014,,,,,,,0.022,,,0.028,,,0.02,,0.014,,,,0.01
Lened1,0.138764706,0.001082428,,0.078,,0.174,,0.21,,0.134,0.102,0.156,,,0.138,0.188,,,,,0.204,,,0.19,,0.152,,,,,,,,0.144,,0.168,,0.148,,,,0.134,,,,0.146,0.14,,0.176,,,,,,,,,,0.112,0.092,,,,0.112,,,0.152,0.116,0.102,0.122,,,0.114,,,0.106,0.14,,,,0.102,,,,,0.118,,,,,0.106,0.178,,,,0.13,0.134,,,,,
LedB17_3,0.046909091,0.000264273,0.056,0.014,,,0.024,,,,,,,,,0.05,0.062,,,,0.078,,,,,0.074,,,0.026,0.026,0.038,,,,0.046,,,,,,,,0.066,,0.042,,,,,0.04,,0.064,,,,,,,0.028,0.034,,,,,,,,0.038,0.046,,0.05,,0.056,,0.058,,,,0.054,,,0.036,0.052,,0.034,0.042,0.076,,,0.052,,0.068,,,,,0.04,0.054,,,0.024,
Lentinedodes1,0.010357143,8.27E-05,0.004,0.004,,,0.006,,0.012,,,,0.01,,,0.02,,,,0.002,,,,0.01,,0.008,0.014,,,,,,,,,,,,0,,,,,,0.012,0.01,,,,,0.012,0.008,,0.014,,0.006,,,,0.004,,0.012,,0.002,0.006,,0.016,,0.002,,,,0.022,,,0.01,,,,,0.008,,,,,,,,,,0.048,,,0.008,,,,,,,,
Led_CS584_1,0.019419355,0.000150985,,,,,,,,,,,0.044,,,,0.016,0.022,0.006,,,,0.016,0.05,0.01,0.016,,,0.008,,,,0.01,,0.03,,,,,0.024,,,,0.016,,,,,,0.008,0.018,,0.018,,,,,,,,,0.014,,,,,,0.006,,,,0.038,0.018,0.004,0.022,,,,,0.008,,,,,0.022,,0.026,0.016,,,0.05,,,0.026,,0.02,0.006,,,0.014,,
LedTMI1633_1,0.028111111,0.000134844,,,,,,0.028,,,,0.054,0.034,,0.048,0.034,,0.022,,,,,0.03,0.044,,,,0.012,0.026,0.026,0.024,,0.018,0.036,0.032,,,0.054,,,,0.018,,,,,,,,,,0.016,,0.028,0.018,,,,0.042,,,,0.018,,,,,0.018,0.02,,,,0.03,,,0.024,,,0.012,,0.03,,0.022,0.028,,,0.026,,,0.03,0.054,,0.02,,,,,0.024,,0.012,,
Lennov1,0.015142857,5.97E-05,,,,,,,,0.006,,,,0.014,,,0.026,,,,,,,0.014,0.014,,,,,,,,,,0.016,0.012,,0.004,,,0.008,0.01,,0.016,,0.012,,,,,,,,,,,,0.014,,,,0.028,,,,,,0.014,,,,,,,0.014,,0.008,0.012,0.026,0.012,,,,,,,,,,0.014,0.042,,0.016,0.014,0.018,0.018,,,,0.016,0.006,
LnoICMP18003A_1,0.118894737,0.000533556,,,0.136,0.112,,0.168,,,0.074,0.108,,,0.116,0.15,0.138,,,,,0.116,,0.148,,,,,,,,,,0.144,0.142,,,,,0.136,,,0.112,0.114,,,0.094,,,,,0.092,0.162,0.114,0.096,0.096,,,,,,0.118,0.13,0.092,,,0.096,,,,0.104,0.142,,,0.116,,,0.084,0.126,,,0.106,0.138,,0.152,,0.094,0.13,0.118,,,,,0.086,,,,0.118,,,,
LboTFB7810_1,0.028555556,0.000178425,0.024,,0.03,0.046,0.034,,,0.04,,,0.02,,0.012,,0.018,,,,0.034,,,,,0.05,,,,,0.028,,0.03,,,0.018,0.012,,,0.028,,0.036,0.016,,0.014,,,,0.022,,0.016,,0.04,,0.026,0.018,,,,,0.03,,,,,0.03,,0.042,,0.064,,,,,0.054,,,,,,,,,0.01,,,,,,,0.03,,0.022,0.036,0.032,,0.008,0.046,,,,0.012
LboET3784_1,0.064266667,0.000294823,,,0.062,0.08,,0.076,,,0.062,0.104,,0.078,,,,0.05,,,0.044,,,,0.074,,0.066,,0.058,,,0.044,0.064,,,,,0.076,,,,,,,,,,0.072,,0.066,,,0.074,,,,,,,,,,,,,,,,0.04,0.072,,,0.062,0.064,0.106,0.028,,,,,,,,,,,0.056,0.052,0.05,0.08,,,0.054,,0.07,,,,,0.044,,
Lbo_TFB10291_1,0.026444444,0.00013854,0.022,,,,0.028,0.052,,,0.02,0.054,0.038,0.016,,,,0.028,,,,,,0.036,,,0.02,0.016,0.028,,,,0.034,,0.054,,0.02,,,,,0.03,0.016,,,,0.024,,0.02,0.018,0.022,,,,0.034,,,,,,0.018,,,,0.022,,,,0.016,,,0.026,,,,,0.014,,,0.01,,,0.04,0.016,0.02,0.014,0.038,,0.024,,,,,0.046,,,,,0.018,,,
LboTFB10292_1,0.041862069,0.000278837,,,,,,,0.022,0.058,0.048,0.1,,,,,,,,,,0.03,,,,,,,,0.026,,0.048,,,0.058,0.026,,,0.032,0.042,,,,,,,,,0.034,,,,,0.028,0.044,,,0.048,,,,0.032,0.044,,0.03,0.044,,,,0.06,,,,,,,,0.02,0.048,,0.02,,,,0.03,0.03,,0.054,,,,,,0.058,,0.048,,0.052,,,,
Lbo_TFB10827_1,0.047448276,0.000285113,,,0.046,,,0.08,,0.038,,0.09,,,,,,,,0.04,,,0.024,,,0.054,,,,,,0.048,,,0.068,,,,0.034,,,,0.028,,,,0.044,0.032,,,,,,,,0.048,,0.068,,,,,,0.026,,,0.038,0.05,,,0.026,,,,0.07,,,0.03,,,,,0.054,,,,0.064,0.058,,0.048,,,0.048,,,0.048,,,0.048,,0.026,
Armost1,0.681333333,0.013344092,,0.5,0.698,,0.78,,,,,,,0.684,0.666,,,,0.664,,,,0.798,,,,0.482,,0.502,,,,,,0.72,0.864,,,0.708,,,0.838,,,0.564,0.762,,0.868,,,,0.778,,,,,0.714,,,,,,0.644,0.498,0.766,,0.544,,,,,,,0.748,,0.716,,0.702,,,,,0.476,,,,0.558,,,0.734,,,0.732,,,,,,,,0.732,
Armosto1,0.679588235,0.008890128,0.7,,,,,,0.676,,0.718,0.65,,0.726,,,,0.722,,,0.854,0.624,,,0.722,0.72,0.552,0.9,0.528,,,,,,,,0.714,0.71,,,,,,0.73,0.594,,,,,,,,,,,,,,0.776,,0.738,0.636,,0.564,,,0.494,,,,,,,,0.732,,,,,,0.7,,0.532,0.602,0.79,0.73,0.51,,0.736,,0.612,,,0.678,,0.684,,,,0.752,,
Armbor1,0.674516129,0.015051191,,0.516,,0.846,,,,,,0.61,,,,,0.632,0.658,,,,0.562,,,0.666,,0.496,0.85,0.504,,,0.652,,,0.696,,,0.624,,,,,,,0.478,,,,,0.618,0.684,,,0.658,,0.798,0.758,,,0.628,,0.602,,,,,,0.806,,,0.75,0.864,,0.762,,,,,,,,0.652,0.456,,,,,,0.732,,0.594,,,,0.916,,,,0.842,,,
Armga1,0.65344,0.01180584,,,,,,,,0.702,,,,,0.596,0.528,,,0.628,,,,,,,,,,,,,,,,,,0.542,,,0.61,,,,,,,0.482,,,0.626,,,,0.66,,,,,,0.502,,,,,0.742,,,,,0.676,,0.858,,,,,,,,0.612,,,,0.544,0.744,0.616,0.544,0.642,0.69,0.668,,0.78,,,0.898,,,,0.826,0.62,,
Armcep1,0.584782609,0.013478814,0.53,0.478,,,0.768,,,,,,,,,0.502,,,,,0.762,0.544,,,,,,,,,,,,0.57,0.704,,0.476,,,,0.68,,,,,,0.388,,,,,,,,,,0.744,,,0.468,,,0.536,0.462,,,0.512,,0.47,,0.676,,,,0.576,0.632,,,,,0.59,,,,,,,,,,0.576,,,,,,,,0.806,,,
Armnab1,0.8455,0.003186522,,,,0.898,0.832,,,,,,,,,,,,,,0.846,,0.866,,,,,0.882,,,,,,,0.734,0.892,,,,,0.826,0.898,,,,,,0.906,,,,,0.896,,,0.87,0.792,0.882,,,,,,,,,,0.818,,,0.764,0.89,,0.786,,,0.912,,,,,,,,0.794,,,,0.714,,,0.868,,,0.89,,,,0.836,,,
Armfum1,0.6108,0.008847333,,0.516,0.622,,,,0.574,,,,,,,,,,,,,,0.7,,,,,,,,,0.608,,,,,,,0.616,,,,0.646,,,,0.532,0.798,,0.53,,,,0.552,,,,,0.666,,,,,,,,0.502,,0.568,,0.634,,,0.656,,,,0.636,,,,,,0.41,0.7,0.626,0.486,,,,,,0.636,0.59,0.848,0.618,,,,,,
Armlut1,0.635333333,0.005599529,,,,,,,,0.626,,,,0.664,,,,0.654,,,,0.528,,,0.672,,,,,,,0.562,0.696,,,,,,,,,,,,,,,,,0.524,,,,0.55,,,,,,,,,,,0.72,,,,,,,0.704,0.634,,0.632,0.588,,,,,,,0.534,,,,,,,,,,,,0.786,,,,0.704,,,0.658
Armme1_1,0.569371429,0.005752652,0.522,,,,,,0.59,0.646,,0.584,,,,,,,,0.668,,0.512,,0.614,,,,,,,,0.534,,0.512,,,,,,0.546,0.51,0.7,0.566,0.616,,0.61,0.416,,,0.534,,,,,0.582,,,,,,,,0.5,0.446,0.766,0.564,,0.63,0.462,,0.552,,0.672,0.586,,0.564,,,0.612,,,,0.538,0.446,,,,,0.484,0.592,,,,,,,0.62,0.632,,,,
Armtab1,0.576,0.004388148,,,,0.674,,,0.51,,,0.512,,,,,,,,0.594,,,,,,,,0.602,,0.62,,,,,,0.566,,0.568,,,,0.538,,0.542,0.52,0.512,,0.616,,,,0.508,0.672,,,,,,0.606,,0.616,,,,0.652,,,,,0.54,,,,0.508,,,0.646,,,,,,,,,0.576,,,,0.482,0.512,,0.56,,0.772,,,0.542,,0.562,,
Oudmuc1,0.431461538,0.002924338,,0.378,,,,0.558,,,,0.396,0.428,,0.436,,,,0.428,,0.576,,,,0.442,,,,,,,0.37,,,0.41,,,,,,0.412,,,0.472,,0.438,,,,,0.468,,0.478,,,,0.452,,,0.396,0.464,,,,,,,0.45,,,,,,,0.396,,,,,,0.372,0.452,,0.344,,,,,0.43,,0.354,,0.418,,,,,,,,,
Cylto1,0.392108108,0.001941766,,0.342,,0.464,,0.486,,,0.37,,,,0.33,,0.424,,,,0.444,0.362,,0.4,,,,0.428,,0.41,,,0.416,0.356,,,0.418,,,0.344,0.278,,0.4,,,,,0.392,,0.404,0.398,,0.364,,0.434,,0.346,,0.438,,0.364,,,,0.462,,,,,,0.392,,,,,0.45,,0.388,,,,,0.392,0.31,0.412,,0.376,0.384,0.396,,,,,,,,,0.36,,,,0.374
Cysmur1,0.3704,0.002365352,,,0.408,0.376,,,,,,,,0.474,0.416,,,,,,0.378,,,,0.316,,,0.338,,,,,,0.274,,,,,,,0.364,,,0.416,0.462,0.408,,,0.304,,0.408,,,,0.368,0.278,,,0.402,0.336,0.31,,,,,,0.348,,0.332,0.41,,,,,,,,,,0.412,,0.398,,,,,,,,,0.34,,0.402,0.352,,0.356,0.374,,,,0.352,
Schco2231_1,0.0110625,3.51E-05,,0.004,0.02,0.012,,0.024,,,,,,0.016,0.026,0.012,,,0.008,0.01,,,,0.01,,,,0.014,0.002,,,0.008,,,,0.01,,,,,,,0.008,,0.008,,,,0.008,0.006,,,,0.018,,,,,0.006,,,,,,,,,,,,,,0.012,,,0.01,,0.016,,,0.004,0.006,0.018,,,0.008,0.006,0.02,0.01,,0.008,0.006,,,,,,,,,,
Schco2251_1,0.016736842,8.72E-05,,,,,,0.046,,,,,0.026,,,,,,,,,,,,0.01,,,0.008,,,,,,0.018,,,,0.008,,,,,,,,,0.018,,0.02,,,,,0.02,0.018,,,,,,,,,,,,,,,,0.014,0.01,,,0.012,,0.012,,,0.014,,,,,,,,0.026,,,,,,,0.004,,,0.012,,,,0.022
Schco2271_1,0.01075,3.68E-05,0.002,0.01,0.018,,,,,,,0.008,,,,0.004,0.016,,,,,,0.016,0.004,,0.018,,,,,,,,,0.008,0.016,,,,0.004,,0.008,,,,,0.022,,0.008,,,,,,,0.014,0.008,,0.004,,,,,0.008,0.01,,,,,,,,0.02,0.01,0.006,,,,,,,0.008,,0.02,0.006,0.002,,,,,,0.008,,0.006,,,0.018,,,,0.012,0.022
Schco2071_1,0.007212121,2.60E-05,0.002,,0.008,,0,,,0,,,,,0.008,,,,0.006,,0.01,,0.006,0.006,,0.02,,,,,,0.006,,0.002,,,,,,,,,,,0.004,0,0.022,0.006,,0.01,0.002,0.012,,0.012,,,,,0.006,0.008,,,0.006,,,0.004,,0.012,,,,,,,,0.004,,,,,,0.008,0.014,,,,0.004,0.01,,0.01,0.004,0.006,,,,,,,,,,
Schco2272_1,0.014967742,3.20E-05,,,,0.01,,0.022,,,,,0.012,0.016,,0.016,0.01,,,,,,0.012,,0.006,0.016,,,,,,,,,0.012,,0.024,0.014,0.018,,0.018,,0.014,,0.01,,0.022,,,0.014,,0.004,,,,,,0.01,,0.018,,,0.012,,0.02,,,,,,,,0.026,,,,,0.014,0.018,,,,,0.02,,,,0.026,,,,,,,,,0.014,,,,0.006,0.01
Schco_LoeD_1,0.018206897,6.64E-05,,0.018,,0.022,0.01,,,,,0.016,0.018,,0.02,,0.02,0.028,,,,,0.018,,,0.018,0.022,,,,0.01,,,0.006,,0.008,0.012,,,,0.016,,,,,,0.012,,,0.024,,,,,0.014,,,,,,0.016,,,0.016,,,,,0.018,,,0.014,,,,,,0.038,0.006,,,,0.038,0.014,,,,,,,,,,0.032,,,,,,0.024,,
SchcoZB2,0.028588235,0.000110431,,0.042,0.028,,0.012,0.044,,,,,,,,,,0.028,0.026,0.014,0.032,,,,,,0.038,,,0.016,,0.03,,0.02,,,,,0.032,0.018,0.016,,,,,,,,0.036,,,0.022,0.038,,,,,,,0.022,0.038,0.026,,,0.026,,,,0.032,0.022,0.02,,0.044,,,0.022,,,,0.028,,,0.062,,0.028,,,0.026,,,,,,,,,0.04,,0.018,0.026,,
Schco_TatD_1,0.015357143,5.66E-05,,,,,,,0.01,,,,0.018,,,,,,,,0.018,,,,,,0.016,0.01,,0.008,0.02,,,,,,,0.01,,,0.016,,,0.004,,,,,,,,,,,,,0.016,,,,,0.008,,0.018,,,,,0.016,,0.012,,,0.016,,,,0.04,,0.012,0.006,,0.024,,,,,0.02,,0.014,,,0.008,0.028,,,0.016,,0.008,0.014,,0.024
SchcoZB1,0.013724138,6.59E-05,,,,,,0.028,,,0.006,,,,0.022,,,,,,,,,,0.014,,,,0.008,,0.008,,0.01,,,0.004,0.03,,0.014,,0.008,0.01,,,,,,,,,,,,0.024,,0.012,,,,,0.022,,,,,,,,,0.012,,,0.034,0.002,,,,0.014,,0.008,0.01,,,0.022,0.008,0.012,0.008,,0.006,0.016,,,,,,0.008,,,,,,0.018
Schrad1,0.142648649,0.000854234,0.144,0.162,,0.124,,0.218,0.166,0.086,,0.132,,0.192,0.12,0.134,0.14,,0.146,0.16,,,0.13,,,0.188,0.194,,,,0.16,,,,,,0.148,,,,,,,0.13,0.152,,0.174,,0.128,,,,,0.114,,,0.108,,,0.126,,,,,,,,,,0.104,0.174,,,,,,0.12,0.154,0.142,,,,,0.082,,0.136,,,0.122,,,,,0.136,,,,,0.16,,0.152,0.12
Auramp1,0.0764,0.000439012,,,,,,,0.092,,0.092,,0.056,0.134,,,,,0.082,,,,,0.094,,0.072,,,,,0.066,,,,,,0.056,,0.076,,,,0.096,,,,,,0.092,,,0.068,,,0.084,0.056,,,,,,0.096,0.046,,0.088,0.074,0.042,0.07,0.06,,,0.058,,,0.032,0.106,,,,,,0.076,0.084,,,,,,,,0.062,,,0.086,,0.072,0.07,0.07,0.114,0.058,0.094,
Fishe1,0.329125,0.001607468,,0.296,0.332,,,0.412,0.33,,,0.32,,0.314,,,0.346,,0.334,,,,,,,,,,,,0.272,0.366,,,,,0.344,,0.292,,,,,,,,,,,,0.288,0.286,,,0.3,0.264,,0.37,0.336,,,,0.38,,,,,,0.406,,,,,0.352,,,,0.318,,,,0.302,0.3,0.304,,,,,,0.324,0.364,,,,0.28,,0.31,0.344,0.424,,0.322,
Denmi1,0.229333333,0.001853167,0.248,0.214,0.26,,,0.252,0.246,,,0.204,,0.25,,,0.228,,0.176,0.246,,,,,0.218,,0.262,0.206,,,0.288,,0.222,0.192,,0.162,,,,,0.15,,0.186,0.228,,,0.228,,,,,,0.3,,,,,,,,,,,,0.34,,,,0.168,,0.31,,0.216,,,,,,0.202,,,0.194,,,,,,,0.232,0.262,,,,,,0.184,0.244,,,0.25,,
PleosPC15_2,0.437870968,0.003336249,0.49,,,,,0.524,,,,0.39,0.526,0.48,0.344,,,0.408,,,0.53,,0.382,,,0.452,,,,0.422,,,,0.394,,,0.46,,,,,0.44,,0.518,0.504,0.426,,,,,,,,,,,0.378,,,,0.422,,,,,,0.454,,,,,,0.398,,,0.386,,0.41,,,0.536,,,,0.374,0.512,,0.392,0.372,,,,0.378,,,,,,,0.484,0.388,
PleosPC9_1,0.452571429,0.004200254,0.578,0.458,,,,0.488,,,,,0.514,0.49,,,,,0.36,,0.548,,,,,,,,,,,0.358,,,0.368,,0.508,,0.38,,0.438,,,0.58,0.482,0.45,,,,,,,,,0.408,,,,,,,,0.406,0.414,,,,,,0.41,0.398,,,0.432,,,,,,,0.502,0.486,,,,0.514,,,,,,,,0.402,,0.384,0.402,,,0.514,,
Radcon1,0.3738,0.001882905,,,,,,,,,0.356,,,,,,,0.388,,,,,,,,,0.312,,,,,,,,0.348,,,,0.348,,,,,,,0.316,,,,,,,0.448,,,,,0.346,0.418,,,,,,,0.318,,,,,,0.42,0.338,0.414,,,,,,,,0.384,0.41,,0.362,,,,,,0.408,,,,,,0.448,0.366,,,,0.328
Anobom1,0.375266667,0.002408133,,0.38,,0.39,,,,,,,0.452,,,,0.384,0.432,,,0.358,0.416,,,,0.4,0.352,0.35,0.38,0.324,,,,,,,,,0.326,,,,,,,,0.392,0.496,,,,,,0.374,,,,,,,0.336,0.296,,0.462,,,0.32,,,,,0.378,,,,,0.258,,,0.39,,0.374,,0.396,0.344,,,,,,,0.344,,,,,,0.418,,0.372,0.364,
Amysub1,0.558190476,0.006979962,,0.54,,,,,0.582,,,,0.574,,,,,0.646,,,,,0.534,,,0.626,,,,0.464,0.456,,0.654,,,,,,,0.538,,,0.638,,,,,,,,,,,0.49,,,,,,,,,0.668,0.722,,,,,,,0.402,0.452,,0.614,0.488,,,,,,,,,,,,0.512,,0.582,,,,,0.54,,,,,,,,
Plicr1,0.321655172,0.002333163,0.27,,,,,,,0.256,,0.262,0.378,0.292,,,0.37,,0.304,,0.28,0.41,,,,,,,0.334,,,0.362,,,,,0.31,,,,,0.372,,,0.288,,,,,,,,,,0.322,0.25,,,0.302,,,,,,0.34,,,0.244,,,,,,,,0.368,,,,,,,0.278,,,,,0.382,,,0.326,,0.292,0.288,,0.42,0.358,0.334,,0.336,,
Intcon1_1,0.290875,0.00236721,0.266,,,,0.206,0.3,,,,,0.296,0.326,0.254,,,,0.254,,0.42,0.266,,,,,0.252,,,,0.384,0.276,,,,,,,0.286,,,0.318,,0.376,,,,0.258,,,,,0.302,,,,0.264,,0.32,,,,,,0.334,,0.238,,,,0.302,,0.336,,,,,0.284,,,0.302,,0.25,,0.3,0.336,0.2,,0.232,,,,,,0.3,,,0.27,,,,
Anomyc1,0.4885,0.004526,,,,,,0.446,,,,,,,,,,,,,0.468,0.462,0.466,0.54,,,,,,,,0.494,,0.448,,0.474,,,,,,,0.456,,,0.582,,0.512,0.344,0.45,0.458,,,,,,,,0.558,,,,0.604,0.542,0.502,,,0.466,,,,0.524,,,0.582,,,0.528,,,,,,,,,0.5,,,,,,,,,,,,,,0.318,
Fibsp1,0.364666667,0.001441195,0.326,,,,,0.402,,0.314,,,0.336,,0.302,,,,,,0.404,,0.38,,,0.38,,,,0.43,0.394,0.37,0.356,,,,,,0.392,,,0.402,,,,,,,,0.354,,,0.332,0.342,,,,0.36,0.438,0.278,0.38,0.388,,,0.392,,,,,,,,,,,0.36,,,0.374,,,,,,0.366,,,,,,,,0.324,,,0.394,,0.306,0.364,,,
Hygaur1,0.442818182,0.00459568,,,,0.454,,,0.476,,,,,,,0.538,0.506,,,0.438,,0.456,0.424,,,0.508,0.418,,,,,,,0.49,,,0.292,,,,,,0.322,,,,0.324,0.486,,,,,,0.354,,,,0.494,,,,,,0.49,,0.486,,,,,,,,0.428,,,,,,,0.406,,,,,,,,,,0.514,,,,,,0.438,,,,,
Leumo1,0.259933333,0.003826892,,,0.23,,,,,0.19,0.242,,,,,,,0.286,,,0.228,,,,,,,0.256,,0.248,,,,,,0.202,0.294,,0.216,,,,0.33,,0.276,0.162,0.298,,0.218,,,0.256,,0.324,,,,,,,,,,,0.306,,0.248,0.246,,,,,,0.478,,,0.202,,,,,0.266,,,,,0.206,,,,,0.246,0.236,,,0.32,,0.248,,0.352,,0.188
Conol1,0.506133333,0.013255982,0.57,,0.576,,,0.548,,0.544,,,0.628,,0.578,,0.61,,0.548,,,,,,0.516,,,,0.404,,,,,0.612,,,,,,0.612,,,,0.39,0.368,0.314,,0.636,,,,,,,,0.542,,,,,,,,,,0.574,,0.344,,0.592,,,0.37,,,,0.318,0.512,,,,,0.582,,0.606,,0.552,,,0.38,,0.554,,,,,,0.588,,,,0.216
Conpu1,0.469925926,0.015937379,,,,0.608,,,,,0.508,0.5,,,,,,,,,,,0.538,,,0.662,,,0.344,,0.504,,0.546,,0.51,,0.534,,,,,,0.572,0.354,0.332,0.28,,,,,,0.568,,,0.574,,,0.56,,0.564,,,0.516,,,,,0.322,,,,,0.342,,,,0.268,,,,,,,,,,,,0.572,0.356,,,,0.534,,,,,0.552,,,0.168
SerlaS7_3_2,0.3024375,0.009145738,,,,,,,,,0.316,0.462,0.572,,,,,0.26,,,,,0.264,0.282,,,,0.384,,0.236,,0.278,0.252,0.284,,0.216,,,,,,,,0.238,0.35,,0.204,,,,,0.26,,0.234,0.286,,,0.252,0.32,,,,0.504,,,0.272,,0.178,0.264,0.446,,,0.224,0.494,,,,,,,,,,0.27,,,,,,,,,,,0.334,0.23,,,0.266,0.246,,
SerlaS7_9_2,0.271823529,0.009471119,,,,,,,,,0.302,0.436,0.56,,,0.27,0.23,,,0.204,,,,,,0.242,0.186,0.374,0.196,,0.284,,,,,,0.194,,,0.264,,,0.176,,0.346,,,0.258,,0.282,,0.24,,,,,,,,0.23,0.27,,0.446,,,,,,,0.424,,,,0.456,,,0.152,,,0.21,0.258,0.246,,,,,0.134,0.254,,,0.202,0.162,,0.208,,,0.278,0.268,,,,
Serla_varsha1,0.349037037,0.002344114,,,,0.35,,,,,,,0.454,,,0.372,,,,,,,,0.378,,,,0.372,,0.312,0.412,,,0.406,,,,,,0.374,,,,,,,,,0.238,0.336,0.304,,,,0.328,,,,0.414,,0.364,,,0.346,0.278,,,,,,,0.324,,,,,,,,,0.382,0.396,0.268,,,,,0.36,,,,,,,0.326,,0.362,0.324,,0.344,0.3,
Pycco1,0.572615385,0.017724032,0.638,,0.592,0.566,,0.544,0.596,,,,,,,,,0.258,0.53,0.666,0.604,,,,,,,,0.36,,,,,,,0.622,0.638,,,,0.614,,,0.474,,0.642,0.642,,0.45,,0.384,,,,,0.748,0.704,,0.76,0.4,,0.646,,0.572,0.674,0.704,,,,0.646,,,,0.772,0.602,,,,,,0.574,0.592,0.672,,0.388,,,0.64,,,,0.14,0.56,,,,0.54,,0.546,,,0.632
Pycco1662_1,0.503636364,0.023160623,,,,0.582,,,,,,,0.616,,,,,0.28,,,,0.562,,,0.446,0.49,,,0.328,,,0.808,,0.56,,,,0.548,,,0.586,,,,,,,0.566,,,0.388,,,,,,,,,0.406,,,,,,,,0.684,0.628,0.642,,0.57,,,,,0.47,,0.416,,,,,,0.396,,,,,,,0.108,,,,,,,,,,
Pycsa1,0.7046875,0.009850996,,,,0.526,,,,,,0.748,,0.76,,,0.792,,,,,,,,,,,,,,0.774,0.76,0.812,,0.74,,,,0.65,,0.582,,,,,,,,,,0.374,0.798,0.726,0.69,,0.67,0.64,0.818,0.696,,,,,,,0.658,,0.676,,0.616,0.82,,,0.676,,,,,,,,,0.624,0.794,,,0.786,0.564,0.728,,,,,0.81,0.758,0.774,,0.71,,,,
Pycci1,0.520914286,0.011977963,0.58,,,,,,,0.538,,,,,,,,0.34,,,,,,,0.39,0.414,,,,0.598,,0.668,,0.512,,,0.61,0.5,0.574,0.558,,,,,,,,0.434,0.298,0.53,,,0.61,,,0.56,0.62,,,,0.492,,0.596,,,,,,,,,0.524,0.566,,,0.57,,,0.314,0.624,,,,,,0.44,,0.504,0.622,,0.58,0.198,,,0.66,,0.478,0.638,,0.546,,0.546
Pyccin1,0.523538462,0.017850978,,,,,,,,,,,,,,,,,0.484,,,,,0.594,0.388,0.372,,0.646,,,,,,,0.678,,,,0.606,,,,,0.52,0.616,,,,0.318,,0.42,,0.668,,,,,,,,0.54,,,,,0.586,,0.618,,,,,,,,,0.45,0.578,0.302,,0.536,,0.636,,,0.506,0.71,0.536,,,,0.144,,,,,,,0.554,,0.606,
Traci1,0.412153846,0.009077415,,,,,0.532,,,,0.524,,0.278,,,,,,,0.364,,,,,,0.308,,,,0.368,0.484,0.47,,,,,0.462,,,,,,,,,0.47,,,,,,,0.472,,,,,,0.418,,,,,,0.436,,0.426,0.39,,0.462,,,,,0.42,0.396,,,,0.502,,,,,0.342,,,,,,0.43,0.14,,0.532,,,0.402,,,,0.214,0.474
Trapub1,0.374428571,0.008325143,,,,0.444,0.49,0.36,,,,,,,,0.268,0.534,,0.294,0.408,,,0.428,,0.3,0.404,0.32,0.328,,0.358,,,0.426,,,,,0.366,0.304,,,,,,,0.444,,,0.136,,0.314,,0.506,,,,,,,0.3,,,0.332,,0.382,,,,,,,0.37,,0.458,,,0.24,,,0.48,,,,,,,,,,,,,,0.49,,,,,,,,
Trave1,0.247481481,0.005857721,,0.22,,,,,,0.206,,0.314,0.218,,,0.248,,0.142,0.252,,,0.2,,,,,0.336,0.242,,,0.396,,,,,,,,0.32,,,,,,,,,,0.124,,0.226,,,0.246,,,,,0.402,,,,0.322,,,,,,,,,,,,0.306,0.306,0.208,,0.15,,,0.168,,,,,,,,0.272,,0.106,0.208,,,0.312,,,,,0.232,
Tragib1,0.470413793,0.003836394,,,,,,,,,0.55,,,,,,,,0.386,,,,,,,,0.442,,,,0.576,0.544,,0.446,,0.396,0.524,0.346,0.432,,,,0.488,,,0.468,0.512,,,,,,,,0.456,,,0.51,0.514,,,0.458,0.4,,,0.46,0.522,,,0.58,,0.434,,,,0.392,,,,,0.406,,,0.526,0.46,,0.538,,,0.48,,,0.396,,,,,,,,,
Tramax1,0.194482759,0.007847044,0.152,,,,0.416,,,,0.2,0.154,,,,,,,,,,,0.152,,,,,0.134,0.104,,,0.2,,0.13,,,,0.12,,,0.174,,,,,0.196,,0.126,,,,,,,,0.182,,0.322,,,0.134,,,,,,,,0.24,,0.346,,,,0.304,,0.09,0.11,,,,,,,,0.11,,0.16,,0.238,,0.068,,,,0.316,0.248,0.18,,,,0.334
Tramey1,0.222378378,0.005949964,,0.138,,,0.426,,0.18,,,,0.13,,0.188,,,,0.18,0.18,,,,,,,0.2,,,,0.25,,0.23,,,0.118,0.242,,,0.188,,,0.174,,,,,,,,,,0.292,,0.158,,,0.362,0.182,,,,0.176,0.168,,,0.236,,0.278,0.21,0.368,0.19,,,0.316,,,,0.098,,,0.116,0.188,,,,,,0.196,0.266,,,0.156,0.288,0.228,0.328,0.274,,,,,0.33
Lenti6_1,0.067,0.001056303,,0.076,,0.122,0.102,,,0.044,,,,,,,0.046,,,0.06,,0.074,,,,0.08,,0.03,,,,0.046,0.134,,,0.014,0.132,,,,0.056,0.058,,,0.05,,,0.05,,0.096,0.106,,,0.056,,,,,,0.04,0.068,0.046,,,0.062,,,,0.07,,,,0.036,,,,0.028,0.066,0.062,,0.044,,,,,,,,0.154,,0.048,,,0.076,,,,,,,0.046,
Lenti7_1,0.093375,0.001167597,0.07,,,0.148,0.122,0.094,0.15,,,,0.056,,0.072,,,,,,,0.128,,0.102,,,0.108,,,,,,,,0.09,,0.156,0.058,,0.104,,,,0.046,,,,,0.07,0.116,,0.112,0.068,,,0.05,,,,,,,,0.088,,,,0.092,,,,,,,0.076,0.044,,,0.124,0.066,,,,,0.082,,,,0.174,0.118,,0.078,0.058,,,,,,,0.068,,
Sisbr1,0.09048,0.00096376,,0.112,,,,0.102,0.124,,,0.044,,,,0.06,,,,,,,,,,0.102,0.066,,0.058,,0.096,,0.16,0.062,,,,,,0.096,0.084,,,,,,,,,,0.126,0.102,,,,,,0.108,0.09,,0.092,,,,,,0.062,,0.088,,,,,,,,,,,,,0.072,0.06,0.08,,,,,0.164,,,,,,,,,0.052,,,,
Polar1,0.153809524,0.002781562,,,,,,,,0.124,,,,,,,,,,0.148,,,,0.11,,,,0.076,,,,,,,0.172,,,,,,0.102,0.216,0.138,,0.09,,0.168,,,0.13,0.238,0.208,,,,,0.21,0.26,,,,,,,,,,0.18,,,,,,,,,,0.168,,,,0.082,,,,,0.116,,,,,,,,,,0.11,,0.184,,,
Polbr1,0.145806452,0.002856095,,,,0.134,,,,0.15,,,,,0.14,,,0.068,,,,,0.118,,,0.146,,,,0.108,,,0.204,,0.184,,0.164,0.114,0.142,,,0.244,,,,,,,0.096,,0.254,0.226,,0.108,,0.094,0.206,0.266,,,,0.092,,0.126,0.132,,,,,,0.11,,,,,,,0.174,,,,,,,0.062,0.086,,,,,,,,,0.136,0.106,,,0.168,,,0.162
Polsqu1,0.219393939,0.002299871,,,,0.28,,0.238,0.23,,,,0.17,0.27,,0.154,0.208,,0.168,0.278,0.208,,,0.256,,,,,0.114,,,0.152,0.28,,,,0.25,0.186,,,,,,,,,0.226,,,,0.308,,,,0.236,,0.292,0.266,,,,,,,0.206,,,0.248,,,,0.182,,,,,,,0.17,0.238,0.184,,,0.23,,,,,,,0.23,0.166,,,0.208,,,,0.256,,0.152,
Earsca1,0.180411765,0.002559947,,,,,0.154,,0.202,,0.242,0.178,,0.274,0.148,,,,,0.144,0.174,,,0.16,,,,,0.13,0.136,0.24,,0.26,,,,,,,,,0.156,,,,,,,0.088,,0.176,0.184,0.216,,0.21,,,,0.136,0.168,0.126,,,,,,0.192,0.252,,,,,0.176,,0.142,0.178,0.1,,,0.232,,,,0.204,,0.104,0.174,,0.176,,,,,0.302,,,,,,,,
Fomfom1,0.182736842,0.002146902,0.178,0.214,,0.212,,0.126,0.2,,0.184,0.196,,,,,0.258,0.138,0.172,,,0.17,,,,0.172,,,,,0.314,,0.3,,,,,,0.2,,,,,,,,0.188,0.158,,,,0.178,,0.204,0.164,,0.208,,,,,,0.168,0.168,0.178,0.178,0.212,,0.126,,,,,,0.18,0.202,,,,0.208,0.146,0.09,,0.178,,,,,,,,0.106,0.148,0.252,,,,0.12,,,0.15,
Hexnit1,0.182,0.001472235,0.15,0.218,,,,,0.202,,0.192,,,,0.19,,0.174,,,,,,0.18,,,,,,0.16,,0.224,,0.296,,,,,,0.17,,0.136,,,,0.162,,,0.166,,,,,0.22,0.15,,,0.142,,,0.166,,,0.162,0.166,,0.116,,0.182,,,,,,0.17,0.232,,0.14,,,0.184,0.126,,,0.166,,,,0.15,0.24,,,,0.216,0.256,,,,,0.19,,0.17,0.206
Dicsqu463_1,0.09296,0.00159204,,,,,,,0.186,,,,,,,,0.1,,,,0.078,0.082,,,0.134,,0.164,,0.044,0.064,,,,,0.062,,,,,0.104,0.076,,,0.054,,,,0.06,0.056,0.05,,,,0.078,0.086,,,,0.09,,0.142,,,,,,,0.13,,,,,,0.064,,,,0.044,,,,,,,,,,,0.124,,0.098,,,,,,,,0.154,,,
Dicsqu464_1,0.076432432,0.001398474,,,0.094,0.074,0.062,0.068,0.186,,,,,,,0.08,,0.046,,0.078,,0.084,0.06,,0.14,0.064,0.162,,,,,,,,,0.034,,,0.062,0.11,,,,,,0.08,,,,,,,,,0.086,0.056,,,,,0.122,0.068,,,,,,0.13,0.048,,,,,,,0.058,,,0.042,0.068,0.046,,,,,0.034,,0.04,,0.082,,0.032,0.072,0.066,,,0.052,0.036,0.148,,,0.058
Dicsq1,0.147555556,0.001409673,,0.124,0.13,,,,0.218,,,,,,,0.164,,,,0.152,,,,,,,0.188,0.126,,,,,,,,0.14,,,,,,0.138,,,0.076,,,,,,,,,,,,,,,,,,,,,,,,0.128,,,,0.19,,,,,,,,,0.082,,0.13,,,,,0.176,0.13,0.172,,,,,,,,0.192,,,
Dicsqu18370_1,0.11516129,0.00108074,0.096,,0.13,,,,0.214,,0.086,0.102,,0.154,0.09,0.144,0.126,0.102,0.102,,0.118,,,,0.186,,,0.12,,0.112,,,0.108,,,,,0.076,,,,,,,,0.132,,,0.116,,0.116,,,,,,,,,,,0.12,,,,0.044,0.112,,,,,0.064,0.128,,,,,,,,,,0.09,,,,,,0.136,,,,0.142,,0.118,0.096,,,,0.09,,
Persub1,0.2645,0.001830714,,,,,,0.232,0.28,0.236,,,0.266,,0.256,0.24,,0.216,,0.302,0.324,,,,,,,,0.194,0.25,,0.24,,0.244,,0.204,,0.338,,,,,,,0.256,,,,0.22,,,0.318,,,0.32,,0.306,0.324,,,,,,,0.228,0.234,,,0.31,0.302,,0.314,,,0.334,,0.22,0.258,0.228,,0.24,0.21,,,0.238,0.232,,,0.322,,,,,,,,,0.286,,,,
Fomro1,0.602928571,0.009012884,0.4,,,,,0.514,0.572,0.658,,,,,,0.62,0.686,,0.596,,,,,,,0.684,,0.614,,,,,0.614,,,,,0.472,0.706,,,,0.528,0.768,0.396,,,,,,,0.518,,0.622,,,,,,,,,,,0.68,,,,0.696,,,,0.544,,,,,,0.518,0.734,,,0.614,0.636,,0.536,,,,,0.622,,,0.602,,,,,0.732,,,
Antser1,0.429,0.01078678,0.394,0.402,,,,,0.48,0.678,0.448,0.422,,,,,,0.424,,0.47,,,0.34,0.382,,0.628,,0.624,0.364,,,,,,,,0.394,,0.602,,,,0.512,,0.408,0.29,0.408,,0.416,,,,,,,,0.248,,,0.414,0.382,0.376,0.386,,,0.4,0.27,,0.65,0.426,0.258,,0.544,,,,0.362,0.424,0.498,,,0.286,0.57,,,0.498,0.39,,0.428,0.356,,0.398,,,,,,,,0.368,,
Fompi3,0.391238095,0.00505299,0.432,,,0.342,,0.478,0.502,,,,,0.428,,,,,,,,,,,,,,,,,0.346,0.482,,,,0.482,,0.472,,,,,,,0.386,0.26,,,,,,,,,0.416,,0.288,,0.432,,,,,,,,0.296,,,,0.322,,,,,,,,,,,0.338,,,,,0.408,,,,,,,,0.398,,,,,0.334,,0.374
Daequ1,0.688903226,0.01010289,,,0.78,,0.764,,0.624,0.788,0.65,,0.722,,,,,,,,,0.748,,,,0.804,0.616,0.712,,,,0.586,,,0.768,,,,0.76,,,,,0.82,,,,,,,,,,,,,,,,,,0.496,,,0.72,,0.494,,0.834,0.626,0.414,,,,0.76,0.704,,,,0.734,,,0.728,,0.708,,0.604,0.712,,,,,,,,0.622,0.676,,0.77,0.612,,
Pospl1,0.525741935,0.005053798,,,,0.392,,,,,0.54,,,,,,,,,,,,0.508,,,,,,,,0.414,,0.626,0.458,,,,,,,,,,,,,,0.65,,,,,0.466,0.436,,0.544,,0.43,,,0.438,,0.636,,,0.562,0.508,,,0.628,,0.478,,0.61,,,,0.494,0.478,0.516,0.632,,,,0.532,,0.57,0.536,,0.532,,,0.522,,,0.496,,0.488,,0.612,0.566,
PosplRSB12_1,0.592296296,0.004698063,,,,0.502,0.738,0.56,,,,,,0.558,,,,0.612,,,,,,0.608,,,0.596,,,0.574,0.488,0.626,,,0.716,,0.59,,,,,0.626,,,,0.602,,,,,0.514,,,0.604,,,,0.532,,,,0.538,,0.584,0.69,,,,,,0.426,,,,,0.626,,,,,,,,,,,,0.66,,0.562,,,0.584,,,,,,,0.636,0.64,
Antsi1,0.601925926,0.008073071,,0.622,,0.498,,0.538,0.64,0.798,,,,,,0.624,,,0.648,,,,,,,,0.538,,,,,,,0.59,,,,0.61,,,,,,,,,0.564,,,,,0.452,0.538,,0.504,0.684,,0.536,0.594,,,,,0.688,,,0.592,,,0.74,0.414,,,,,,,,,,,,,,,,,,,,,0.566,,,0.66,0.536,,0.656,0.738,,,0.684
Laesu1,0.594235294,0.00536867,,,,,,,0.564,,0.636,,0.726,0.52,,0.622,,,,,,0.672,0.462,,,,,0.692,0.622,0.6,,0.602,0.732,,,,,0.538,,,,,,,,,,,,,0.458,0.462,,,,,,,,,0.528,0.488,,,,,0.524,0.596,0.694,0.622,,,,,,0.566,,,,,0.658,0.58,,,,0.618,,,,0.534,,,0.55,0.702,0.586,0.592,0.642,0.584,,0.64,0.592,
Wolco1,0.546074074,0.005939225,,,,,,,0.564,,,,,,,,,,,,,,0.496,,,,0.516,,,,,,,,,,,0.478,0.704,,,,,,,,,,0.658,,,0.42,0.442,0.468,0.452,,0.502,,,,,0.454,,0.59,0.604,,,,,,,0.486,,0.606,,,0.5,,0.494,0.546,0.574,,0.646,0.628,,0.598,,,,,,,,,0.554,0.512,0.576,,0.676,,,
Pycful1,0.620827586,0.022417005,,,,,0.818,,,,,,0.638,,,0.46,0.796,,,,,,,0.562,,0.752,,0.53,,,0.46,,,,,,,,,0.624,,,,,,,0.582,,0.742,,0.37,0.418,,,,,,,,,,0.458,0.834,,,0.808,,0.756,,0.788,0.368,0.562,,0.824,,0.594,0.636,,0.502,,,,,,0.6,,,,0.834,0.574,0.448,,,,,,,,0.666,,,
Spalat1,0.770628571,0.004456652,0.81,,0.816,,0.774,,,0.838,,,,,0.854,,0.75,,,,,,,,,0.812,,,,,,,0.828,,,,,0.708,0.82,,0.834,,0.876,,,,,0.746,0.732,0.85,,,,,,0.738,,,,,,,0.866,0.794,,0.728,0.634,0.696,0.838,0.732,,,,0.786,,,0.63,,,,0.724,,,0.81,,0.764,,,0.8,0.62,,,,,0.764,,,,0.688,0.822,0.736,0.754
Possti1,0.536916667,0.006554428,,0.558,,,,,,,,0.568,,,,,,,,,,,0.59,,,0.69,,0.576,,0.49,,,,,,,,,,,,0.496,,,,0.548,,,,,0.434,0.442,,0.53,0.472,,,0.464,,0.534,,,,,,,0.48,,0.712,,0.352,,0.59,,0.646,,,0.524,,,,,,,,0.608,,,,,0.522,0.526,,,,0.534,,,,,,
Cersu1,0.560176471,0.008346271,,,,,0.632,,0.59,,,,,0.668,,0.58,0.676,,,0.466,0.608,,0.528,,,,,,,,,,,,0.46,,,,,0.616,,0.502,,,0.676,0.578,,,0.266,0.542,,0.366,0.602,0.51,0.592,,,0.63,,,0.556,0.482,,,0.644,0.496,,,,,0.592,0.49,0.486,0.692,,,,,0.494,,,,,0.606,,,0.562,0.648,0.64,,,,,,,,0.57,,,,,
Obbri1,0.534827586,0.008015005,,,0.552,,,,,,,,,,,,,,,0.47,,,,,0.528,,,,,0.566,,,0.584,,0.394,,,0.51,,,0.586,0.47,,,,,,0.628,0.278,,,0.356,,,,0.576,,,0.554,,,0.49,0.652,,,0.478,0.56,,,0.636,,0.486,0.452,,,0.574,0.544,,,,,,,0.556,0.586,0.554,,,,,,,,0.708,0.598,,,,,0.584,,
Flafl1,0.375391304,0.008793249,0.634,0.338,,,,,,,,,0.478,,,,,,,,,,,,,,,,,,,0.456,,0.28,,,0.374,,,0.498,0.442,,,0.36,,,,,,,,0.274,,,,0.398,,,,0.416,,,,0.24,,0.306,,0.404,,,,0.256,,0.378,,,,,,0.334,,,,,,,,,0.358,,,,,,,0.47,,0.252,,0.36,,0.328
Irplac1,0.276648649,0.004376012,0.488,,,,0.31,,,0.23,,0.298,0.372,0.232,,0.27,0.346,0.264,,,,0.178,0.266,0.268,,0.212,,,,0.224,0.24,0.376,0.222,,,,0.336,,,,,,0.198,,0.242,,0.232,,,,,0.304,,,0.228,0.34,,0.184,,,,0.24,,,0.326,,,0.378,,0.332,,,,,,0.274,,0.26,,0.3,,,,,,0.226,,0.234,,,,,0.188,,,,,,,0.332,,0.286
Hydfim1,0.392933333,0.010788064,0.66,,0.324,,0.424,,,,,,0.558,,0.33,,0.46,0.35,,0.292,,,,,0.278,,,0.282,,,,0.526,,,,,,,,0.534,0.5,0.392,,0.396,,,,,,0.286,,,,,,,0.432,,0.376,0.508,0.326,,,,,,,,,0.448,0.404,,,,,0.326,,,,,0.338,,,,0.336,,,,,,,0.246,,,,0.532,0.296,,0.368,,0.26,
Cervir1,0.496827586,0.004683862,,0.446,,,,,0.504,0.46,,,,0.524,0.492,,,,0.496,,,,0.446,0.456,,,,,0.43,,0.448,,,,,,,0.366,,0.582,0.558,0.466,,,,,0.472,0.52,0.554,,,,0.526,,,0.588,0.548,0.436,,,,,,,,0.504,,0.632,,,0.516,,,0.61,,,,,,0.484,,,,,,0.498,,,,,,,,,0.532,,,,,,0.314,
Lepmol1,0.291230769,0.001137625,,0.34,0.326,,,,,,,,0.306,,,,,,,0.306,,,,,,0.32,0.264,0.274,,0.204,0.294,0.322,,,,,,0.304,0.29,,,0.326,,,0.278,,0.302,,,,,,,,0.248,,,,,,,,0.308,,,,,,,,,,,,0.3,0.246,0.254,,,0.302,0.288,,,0.284,,,,,0.36,,,,,,,,0.254,,,,0.272,
Phchr2,0.528689655,0.020680936,,,0.642,0.572,,,,,,,,,,,,,,,0.614,0.608,,0.354,,0.674,,,,,,,0.634,,0.66,0.264,,0.318,,,,,,0.398,0.682,,0.682,0.584,0.61,0.312,,,,,0.628,,,0.44,,,,,,0.584,,,0.434,,,,,0.588,,,,,,,0.642,,,,0.626,,0.676,,,,,,0.364,,0.37,0.692,,,0.404,,,,0.276,
Phchr3_2,0.586071429,0.028579698,,,,,,0.636,,0.74,,0.734,0.76,0.754,,,,,,0.616,,,0.686,0.43,,,,,,,,,,,,0.32,,0.368,,,0.718,,0.662,0.402,,,,,,0.338,0.678,0.664,,,,0.77,,0.45,,0.732,,,0.748,,,,0.48,,,,,,,,,,,,,,,,,,,,,,,0.706,0.404,,0.386,,,,0.406,,,0.746,0.296,0.78
Phaca1,0.442615385,0.003741506,,0.504,,,,0.47,,,,,0.472,,,,0.55,0.462,0.388,,,0.442,,0.412,,,,,,0.456,0.494,0.504,0.416,0.454,,0.35,,0.36,,,0.486,0.486,,,0.446,,,0.464,,0.346,,0.396,0.538,,,,,,,0.474,0.416,0.436,,0.4,,,,,0.472,0.514,0.428,,,0.578,,0.434,,0.474,0.426,,,0.388,,,,0.472,0.406,,,0.412,0.376,,,,,,,,,,0.26,
Phlgi1,0.442533333,0.004623982,0.656,0.474,,,,,,,,,,0.408,,0.5,0.532,,,0.444,0.436,0.418,,,,,,,,,,,,0.478,,0.344,,,0.402,,,0.514,0.472,,0.358,,,,,0.37,,,0.504,0.448,,,,0.346,,0.446,,,,,,,,,,,,,,,0.494,,,,0.344,,0.496,,0.4,0.442,0.414,,,,,,,0.402,0.374,,0.394,,,,0.498,0.468,,
Bjead1_1,0.3428125,0.002486157,,0.39,,,0.328,0.338,,0.338,0.334,,,,,,,,,,,0.298,,,,,,,,0.336,,0.34,,,,,,,,,0.392,0.432,,0.348,0.354,,,,0.29,,0.372,,0.356,,,,0.394,,,,,,,,0.33,,,0.414,,,0.398,,,0.408,,0.292,0.248,0.378,,0.376,0.368,0.244,,0.25,0.312,0.344,,,,0.266,,,,,,,0.312,,,,,0.39
Phlrad1,0.393333333,0.00315154,,0.506,,0.406,0.436,,,0.43,,,,0.502,0.438,,,,,0.368,,0.408,,,0.404,0.408,,0.332,0.37,,,,,,,0.276,,,0.422,,,,0.35,0.382,,,,,,,,,,,,,,0.406,0.436,,,,,0.35,,,,,,,,,,,,0.408,0.334,,,,,0.298,,0.43,0.422,0.45,0.41,0.426,,,,0.384,0.3,,,,,,,,0.308,
Phlcen1,0.435891892,0.002063099,,,,,,,,0.464,,,,,,0.438,0.502,0.526,,,,0.386,0.414,,,,0.452,0.404,,,,,0.386,,0.386,,,0.414,,,0.47,,0.436,0.472,,,,,0.332,,0.49,0.384,,0.43,0.474,0.412,0.506,0.408,0.43,,0.466,,,,,,0.39,,,,0.464,,0.382,0.508,,,0.396,0.436,,,0.472,0.412,,,,,,,,,,0.398,,0.48,0.46,,,,,0.474,0.374,
Abobi1,0.239395349,0.009054388,,,0.314,0.168,,,0.186,,0.186,0.218,,0.22,,,0.224,0.348,,,,,0.18,,0.188,,0.206,,0.16,,0.452,0.168,0.17,,,,,,0.258,,,0.186,,,0.308,,,0.138,0.104,,0.338,0.122,0.438,,,,,0.148,,0.218,,,,0.158,,,0.166,,,0.404,,0.312,0.204,0.36,0.404,,,0.228,0.288,0.408,,,0.218,0.168,,0.172,,0.178,,,,0.144,,0.408,,,,0.174,,,0.254,
Abobie1,0.280571429,0.007434017,0.296,0.188,0.328,,,0.206,,,,,,,,,,0.358,,,,,,,,,,0.166,,,0.434,,,,,,,0.14,0.25,,,,0.218,,0.318,,,,,,0.366,,0.416,,,0.238,0.196,,0.246,,0.168,0.204,0.248,,0.256,,,,,0.43,,0.354,,0.368,0.372,0.196,,,0.318,0.44,,,,,0.266,,,,0.198,0.208,0.238,,,0.404,,,,,0.276,0.216,0.296,
Clibor1,0.32,0.0019985,,,,,,,,0.348,0.308,,0.382,0.348,0.36,0.31,,0.394,0.252,0.278,,,0.302,0.308,0.294,0.292,0.188,0.308,0.312,,0.406,0.276,0.318,0.292,,,,,,0.304,,,,0.354,,0.3,,,,,,,0.376,,,,,0.292,,,,,,0.33,,,,,,,,,0.308,,,,,,,,,0.368,0.304,,,0.38,,,,,,,0.278,,,0.344,,0.346,,,,
Cerun2,0.232689655,0.00074865,,,,,,,,0.262,,,,,0.236,0.246,0.232,0.236,,,,0.252,,0.27,0.202,,,0.26,0.224,,,,,,,,,,,0.252,,,0.248,,,,0.15,,,,0.27,,,,,,0.234,,,0.25,,0.184,0.256,,,0.244,,0.236,,,0.198,0.218,0.214,,,,,,,,0.204,,,,,0.21,0.252,,0.232,,0.256,,,,,,0.22,,,,,
Panru1,0.340903226,0.001823157,,0.414,,,,,,0.342,,,,0.384,0.386,,,,,,0.32,0.32,,,,,,,0.298,0.312,0.412,,,,,0.262,,,,,,0.354,,0.34,0.386,0.386,,,,0.258,0.328,,,,,,,0.328,,0.352,0.264,,,,,0.344,,,,,,,,,0.35,,,0.346,0.322,,,0.334,,,,,0.316,,,,0.382,,0.306,0.416,0.336,,,0.294,,,,0.376
Epityp1,0.310368421,0.001324942,,0.31,0.306,,,,,,0.294,0.31,,,0.286,,,0.28,,0.304,0.356,,,,,0.312,0.26,,0.284,,0.318,,0.37,0.258,,,0.388,,,,,0.334,,,0.322,,0.322,,,,,,0.31,,,,0.364,,0.312,0.328,,0.262,,0.372,,,,0.374,0.274,0.312,,,,,0.308,,,,0.262,,,0.266,0.296,,0.262,0.306,,,,,,,,0.34,0.258,0.306,0.368,,,,,0.3
Crudry1,0.594580645,0.008763785,,,0.738,,,,,0.718,0.564,,,,,0.514,,,,0.642,0.622,,0.53,,0.62,0.676,,,,0.53,0.454,,,0.636,,0.638,,,0.69,,,,,,,,,,,,0.42,,,0.586,,0.67,,,0.628,,,,,,,,0.556,,,,0.33,,,,,,0.534,,,,0.666,,0.63,,,,,0.71,,0.506,0.46,0.584,,,,,0.642,0.65,0.652,,,0.636
Crison1,0.426666667,0.003838713,0.592,,,,,,,0.46,0.388,,0.466,,,,0.424,0.506,,,,0.346,0.344,0.438,,,,,,,,,,0.404,,0.362,0.506,0.338,,,0.458,,0.348,,,,,,,,,0.356,,,,0.448,,,0.42,,,0.376,,,,,,,,0.516,0.416,0.414,,,,,,0.496,,,0.444,,,,0.428,0.474,,0.39,,,,,,,0.438,,,,0.464,,0.34,
Aurvu1,0.479615385,0.003736966,0.556,,,,,,,,,,0.514,0.534,,0.488,0.442,0.484,,,0.386,,,0.594,,,,,0.464,,,,,0.472,0.414,,,,,,,,0.432,,,,,0.46,,,,0.356,,,0.51,,,0.556,0.572,,,,,,,,,,0.456,,,,0.482,,,,0.494,,,,0.494,0.402,,,,,,0.53,,,,0.498,,,,,0.372,,,0.508,,
Lenvul1,0.598454545,0.003886831,,,,,,,0.57,,,,,,,0.51,,,0.508,,,,,0.614,,,,,,,0.678,,,,0.55,,,,,,,,,,,,,,,,,,,,,0.624,,0.65,,,0.492,0.59,0.57,0.58,,,0.614,,,,,,0.54,0.714,,,0.602,,,,,,,,,,,,0.72,,0.594,,0.57,0.684,0.59,,,,,,,0.602
Clapy1,0.336709677,0.002336146,,0.354,,0.354,0.346,,,,0.3,,,,,0.38,0.402,,0.352,0.356,0.35,,,,,,,,,0.278,,,0.28,,0.368,,0.322,,0.278,,,,0.34,,,,,,,0.326,,0.3,,0.27,,0.4,,,,,0.408,,0.384,,,,,,,,,,,,,,,,,,,0.39,0.318,,,,0.222,,,0.232,,,0.366,,,,0.324,0.364,0.322,,0.366,0.386
Lopni1,0.439454545,0.031640069,,,,,,,,,,,,,,,,,0.3,,,,,,,,,0.628,0.218,,,,,0.218,,0.266,,,,,0.28,,,0.578,,,,,,0.628,,,,0.298,,,,,,,,,,,,0.61,,0.636,0.248,,,0.552,,,,,,,0.31,0.568,,,,0.258,,,,,,,,0.636,,,0.638,0.29,,0.618,0.626,,0.264,
Ricme1,0.499414634,0.023847849,,,0.6,,0.56,0.646,,0.63,0.606,,,,,,0.536,0.598,0.292,,0.57,0.616,,,,,,,0.192,0.602,0.586,,,0.238,,0.25,0.64,,,0.602,0.252,0.624,0.63,,,0.6,0.512,0.562,,,,,,0.242,,,,0.628,,,,0.588,,,,,0.552,,0.232,0.592,,,,,,,0.578,0.598,0.31,,,0.574,,0.262,0.59,,,0.586,,,,,,0.57,,0.26,,,,0.572,0.248,0.55
Scysp1_1,0.37368,0.002058893,0.424,,,,,,,,,0.338,,,,,0.356,,,0.388,0.454,,0.414,,0.41,,,,0.292,,,0.358,,0.252,,,,0.404,,0.366,,,,,,,0.344,0.36,,,,,,,,0.378,,,,,,,,,0.354,,,0.43,,,0.376,,0.308,,,,,0.394,,0.376,,,0.396,,,,,,,,,,,0.39,,,,,0.424,0.356,,
Amycha1,0.273058824,0.002485148,,,,0.306,,0.282,0.274,,,,,,,0.256,,0.308,,,,0.226,0.232,0.246,,0.318,,,0.204,,,,,,,0.292,,0.284,,,0.264,,0.334,,,,0.196,,0.206,,0.392,,0.348,,0.322,,,,0.322,0.236,,,0.306,,,0.228,,,,0.258,0.234,0.296,,,0.196,,,,0.25,,,,0.236,0.274,,,0.2,0.296,,,0.358,,,,,0.304,,,,,,
Echtin1,0.299307692,0.001850222,,,,,,,,,,,0.302,,,,,,0.302,0.282,,,,,0.248,,,,,,0.328,0.25,,0.274,,0.336,,,,,,,0.376,,,0.26,,0.25,,,0.392,,0.37,,,,,0.344,,0.264,,,0.3,0.324,,,0.286,,0.328,,,0.27,,0.298,,,,0.29,,,,,,,,,,,,,0.342,,,,,,,0.282,,,0.234,0.25
Densp1,0.454631579,0.007849357,0.614,,,,0.446,,,,,0.484,,,,,,,,0.496,,0.31,,,,,,,,,,,,,,,,,,,,,,0.428,,0.5,,0.438,,0.466,,,0.426,,0.382,,0.558,,,,,,,,,,,,,,0.32,0.492,,,0.434,,,,0.402,,,,,,,,0.348,,0.65,,,,,,,,,0.444,,,,
Laxbic1,0.370705882,0.003835365,0.47,,,,,,,0.326,0.318,,,0.37,,,,0.348,,0.4,0.316,,,,,,,,0.252,0.336,,0.332,,,,,,,,,0.424,0.358,,,,0.432,,,,0.44,,0.344,,,,0.34,0.448,0.388,,,,,,,0.284,,,0.362,0.33,,,0.444,,,,0.34,,0.344,,,0.28,0.356,,0.454,0.382,,,0.374,0.538,,,0.288,,,,,,,0.42,0.414,0.352,
Hercor1,0.282636364,0.001813861,,,,,,0.214,,0.338,,,,,0.26,,,,0.268,,,0.346,0.256,,,,0.218,,0.286,,,0.304,,,,,0.274,,0.262,,,,0.228,,,,,,,,,,,,0.362,,,,,,,,,,0.27,0.302,,,,,0.336,,0.258,,,,0.26,,,0.32,0.34,,,,,0.254,,,,,,,,,,,0.262,,,,,
Hetan2,0.3369375,0.001956383,,,,,,,,,0.276,,,0.46,,,,0.368,0.3,,,0.378,,0.36,,,0.306,0.376,,,0.372,,,,,0.294,,,,,,,,,,0.36,0.32,,0.244,,,,0.336,,,0.282,,0.358,,0.388,0.368,0.338,,,,0.322,0.33,0.35,,,,0.336,,,,,,,0.338,,0.346,,,,,,0.304,,,0.276,,,,0.384,0.356,0.348,,,,,0.354,0.254
Stehi1,0.2645625,0.001675931,,,,,,,0.276,,,0.27,0.222,,,0.296,0.294,,0.202,,0.324,,,,,,,,,0.312,,,0.222,0.28,,,0.284,0.316,,,,,0.262,0.308,,0.242,0.27,,0.248,0.232,,,0.312,,,,,,,,,,,,0.354,0.244,,0.23,,,,,,,,0.258,0.26,0.304,,0.258,,0.206,0.276,,,,0.262,,,,,,,,0.268,0.202,,,,,,0.172
Helsul1,0.3748125,0.011588351,,0.406,,0.378,0.362,,,,,,,0.468,,,,,0.424,,0.408,0.464,,0.306,0.28,,,,,0.486,,,0.466,,0.472,,0.504,,0.496,,,0.502,,0.394,0.506,,,0.534,0.178,,,,,,,0.196,0.226,,,0.3,0.276,0.216,,,,,,,,0.382,,,,,,,0.376,,,,0.426,,0.246,,,,,,0.41,,0.284,,,,,,,,,0.44,,0.182
Neole1,0.475352941,0.010279205,,,0.514,,0.336,,,,,,,,,,0.596,,,,,,,0.278,0.238,,,,0.488,0.344,,,,0.422,0.44,,0.396,,0.458,,0.482,0.404,,,0.532,0.43,,0.438,,0.572,,,0.456,0.632,0.56,,,0.556,0.496,0.32,,,,0.638,,0.554,0.322,,,,,,,0.472,0.552,,,,0.506,,,,,0.534,,0.51,,,,,,,,,,0.554,,0.512,0.62,,,
Glotr1_1,0.383677419,0.008947492,0.438,,,,0.338,,,,,0.448,0.454,,,,,0.45,,,,,,0.324,0.32,,,0.434,,,,,,0.472,,,,,,0.486,,,,,,,,,0.2,,,,0.516,,,0.234,0.262,,,0.358,0.3,0.256,,,0.49,,0.442,,,,0.39,0.438,,0.508,,,,0.33,,0.482,,0.46,0.278,,0.434,,,,,0.392,0.29,,,,0.458,,,,,,,0.212
Velabi1,0.34175,0.005249742,,,,,0.296,,0.386,0.292,,0.29,,0.3,,,,,,0.342,,0.33,,,,,0.32,,,,,,,,,,,0.314,0.356,,,,,,0.394,,,,,0.456,,,0.344,0.504,0.474,,,0.388,,,0.266,,0.316,0.488,0.296,,,,,,0.28,0.312,0.304,,,,0.284,,,0.334,0.326,,,,,,,0.346,,,,0.306,,,,,0.368,,0.47,0.272,,0.182
Jaaar1,0.418645161,0.00167717,,,,,0.378,,,,0.41,0.454,,,,,,,0.376,0.372,,,,0.466,,,,0.402,,,,0.428,,,,,0.488,,,0.424,,0.378,,0.508,,,,0.438,,,,,,,,0.44,,,,0.452,0.356,0.346,0.452,,0.432,0.448,0.378,,,,,,0.376,0.408,0.39,,,,,,,,,,,,,0.464,0.436,,0.398,,0.39,,0.44,0.472,,,,,0.378,
Borrad1,0.396380952,0.003639048,,,,,,,,,0.456,,,,,0.4,0.492,0.402,,0.466,,0.488,,,,0.414,,,,,,,,,,0.348,,,,0.418,,,0.42,,,,,,,,,0.304,,0.45,,,,,,0.342,0.324,,,,,0.444,,,,,0.328,,,,,0.426,0.304,,,,,,0.336,,,,,,,0.342,,,,,,0.42,,,,,,
Vuico1,0.19616,0.00377864,,,0.322,,,0.24,,,,0.168,,0.18,,,,,0.136,,,,,,0.304,,,0.106,,,,0.176,,,0.15,,0.254,,0.186,0.176,,,0.22,,,,,,,,,,,,0.172,,,,,,,,,,0.344,,,,,,0.198,,,0.146,,,,0.182,,,,,0.192,,0.162,,,0.098,0.172,,,,,0.262,0.184,,0.174,,,,,
Vuicom1,0.179657143,0.003527644,0.148,0.168,0.308,,0.134,,,0.15,,,,,0.15,,,,,,0.19,,,0.204,0.318,,0.14,,0.108,0.176,0.218,,,0.12,,,0.23,0.224,,,,0.224,,,0.158,,,,,,,0.176,0.17,0.114,,,0.168,,,,0.198,,,,0.364,0.132,,,0.124,,,,0.182,,,,,,0.154,,,,,0.106,,,,,,,0.164,0.158,,0.25,,,,,0.168,0.174,,0.118
Punst1,0.227285714,0.001514138,,,,,,0.226,,,,,,,,,,0.214,,,0.268,,,0.25,,,,,,0.28,,,,,,0.19,,0.24,,,0.214,,,,,,,0.21,0.15,0.16,0.246,,,,,0.222,0.268,,,,0.208,,0.234,,,0.232,0.21,,,,,,,,,0.26,0.18,,0.174,0.274,,,,0.258,,,,,,,0.232,0.172,0.262,,,,0.31,,,0.22,,
Galinc1,0.336333333,0.001549101,,,0.296,,0.296,0.362,,,,,0.324,,,0.376,,,,,,,,0.354,0.37,,0.298,,,,,,,,,,,0.3,,,,0.362,,,,0.37,0.244,0.306,,0.348,0.304,,,,0.318,0.368,,,,,,,,,,,,,,,,,,0.404,0.316,,0.374,,,,0.354,,,,0.384,,,,,,,,0.286,,,,0.358,,,,,
Xenvag1,0.351411765,0.00180934,,,0.426,0.418,0.338,,,0.292,,,,,0.308,,,,,,,,,,,,,,,0.4,0.318,0.318,,,0.366,0.254,,,,0.41,,0.37,0.348,0.312,,0.312,,0.356,,,0.402,,,,,0.328,0.376,,0.356,,,0.384,0.324,0.368,,,,,,0.374,0.368,0.38,,0.38,,,,,,,,,,,,0.366,0.338,,,0.334,,,,,,0.35,0.394,,,0.338,,0.242
Phlsub1,0.405375,0.001902048,,,0.372,0.434,,,,,,,,,,,,0.4,0.406,,0.346,,,0.392,,,,,,,,,,,0.412,,,,0.352,0.396,0.414,,0.432,0.44,0.364,,,0.45,,0.396,0.376,,,,,,,,0.416,,,0.392,,0.514,,0.372,,,,0.416,,,,0.504,,0.342,,0.384,,0.404,0.462,0.472,,,,0.402,,,0.402,,,0.396,,,,0.398,,0.314,,,,
Porchr1,0.148333333,0.002150368,0.144,0.102,0.142,,,,0.094,0.118,,,,,,0.124,,,0.254,,,,,,0.158,,,0.112,,,,,,,,,,,,0.126,0.14,0.236,0.188,0.258,,,,,,0.134,,,,,,0.202,,,,0.234,,0.136,,,0.136,,,,,,,,,,,,0.1,0.174,0.14,,0.12,0.112,,,,,0.126,,0.118,,0.168,,0.102,,,,,,0.14,,0.112,
Pornie1_2,0.191,0.001692593,,,,,,,,,0.19,,,,0.186,,,,0.268,0.16,0.148,0.18,,,,,0.182,,,,0.134,,0.144,,,0.164,,0.196,,,,0.286,,0.266,,,,0.204,,,,,,0.184,,0.202,,,,0.286,,,0.16,0.178,,0.158,,,,,,0.196,,,,0.176,,,,,,,,,0.208,,,,,0.186,0.204,,,,,0.202,,,,0.144,,0.156
Pheign1_1,0.292294118,0.00139882,,,0.286,0.282,,,,,,,,,0.23,0.33,,,0.318,,,0.338,0.248,,,0.318,0.226,,0.284,,,,0.314,,,,,,,,,0.342,0.332,,,0.264,,0.324,,0.246,,,0.336,,0.294,,,,0.258,0.322,,,0.308,,,,,,0.23,0.3,,,,,,,,0.356,,0.318,0.246,,,0.272,,,,,,0.294,,,,0.32,,0.334,0.3,,0.272,,0.242,0.254
Fomme1,0.306363636,0.001164364,,,0.264,,,,0.294,,,,,,,0.338,,0.292,,0.324,,,,,0.292,0.306,,0.25,,0.314,0.26,,0.312,,0.256,0.346,0.364,,,,0.264,,,0.344,,,,,,0.278,,0.274,0.308,0.332,,,0.32,,,,0.27,0.264,,,,,,,,0.312,,0.316,,,0.36,,,,,0.35,,,,0.346,,,,,,,,0.3,,,0.286,0.332,,,0.364,,0.278,
Onnsc1,0.453172414,0.002749291,0.524,,,,,,,,,,,0.448,,,0.408,,,,,,0.436,0.502,,0.472,,,0.474,,,0.396,0.492,,,,,,,,0.446,,,,,,,0.504,,,,,0.428,,,,,,,,0.412,,0.526,,0.44,0.524,,0.384,,,,,0.392,0.578,,,0.36,0.424,,,,,,0.424,,,,0.518,0.494,,,0.442,,,0.422,,,0.458,,0.422,,0.392
Pheni1,0.235764706,0.001140307,0.26,0.222,0.212,,0.21,0.238,,,,,,,0.204,,,,,,,,0.2,0.27,,,,,,0.178,,,,,,,,0.208,,,,,0.3,0.278,0.244,,0.258,0.306,,,0.228,,,0.242,,0.21,0.274,,,0.24,,,,,,,,0.194,,,,,0.192,0.286,,,0.198,,0.222,,,,,,0.216,,,,0.222,0.22,0.292,,0.224,0.268,0.24,0.256,,,,,0.204,
Phefer1,0.263571429,0.001411365,,,,,,0.26,,,0.268,,0.244,,,,,,0.324,,,,,,0.218,,,,0.298,,,,,,,0.27,,,,0.232,,0.294,0.372,,0.242,,0.276,0.278,,,,,,,0.258,,0.276,,,,,0.204,,0.256,0.25,0.29,0.21,,,0.306,,0.204,,,,0.258,0.21,,,0.278,,0.266,,,,,,,,,,,,,,,0.26,0.278,,,,
Triab1_1,0.266551724,0.00135197,0.326,,,0.264,,,,0.27,,,,,,,,,0.282,0.224,,,,,,,,0.258,,,,,,,,,0.262,0.302,,,,,0.326,,,0.306,,,,,0.3,0.26,,0.222,0.248,,0.252,,,,0.23,,,,,0.292,,,0.212,,0.23,,,,,0.266,0.22,0.284,,0.252,,,,,0.332,,0.216,,,,,,,0.306,,,0.242,0.228,,0.318,,
Schpa1,0.480551724,0.003806256,,0.51,,,,0.452,0.52,,,,,,0.534,0.498,,,0.558,0.454,0.432,,,,,,,,0.494,,0.544,,,0.348,,,,,0.456,,0.512,,0.468,,,,,,0.32,0.384,,0.438,,,,0.528,,0.446,,0.538,,,,0.538,,,,,,,,0.47,0.466,0.61,,0.486,,0.454,,,0.486,,,0.462,,,,,,,,,,,0.53,,,,,,,
Rigmic1,0.45135,0.002604182,0.522,0.45,,,,,,0.472,,0.516,,0.528,0.384,0.36,0.422,0.432,,,,0.412,,,0.45,0.416,,0.412,,,0.482,,0.476,,0.408,,0.538,0.378,,,0.432,,,0.558,,0.582,0.436,,,,0.386,0.356,,,,0.464,,,,0.466,,,0.472,,0.49,,,,,,,,,0.472,0.422,,,,0.438,,,0.478,,,,0.432,0.422,0.436,,,0.458,0.42,,,,,0.466,,0.426,,,0.484
Resbic1,0.367945946,0.00143633,,,0.39,0.394,0.336,,0.326,,0.392,,,,0.374,0.388,,,,,,,0.308,,0.366,,0.366,0.314,,,,,,,0.398,,,,,0.37,,,,,0.376,0.476,,0.366,0.29,,0.38,,,,,,0.392,0.362,0.356,,0.296,0.368,0.408,,,,,0.32,,,0.39,,,,0.37,,0.358,,,,,,,,,,,0.368,0.36,,,0.358,0.416,,0.34,,0.382,,0.428,,0.322,0.41
Sisni1,0.652564103,0.022843779,,0.724,,,0.708,,0.724,0.776,0.434,0.722,,0.78,,,,,,0.694,,0.704,,,0.722,0.756,0.378,,0.74,0.75,,0.42,,0.276,0.746,,,0.722,,0.448,0.772,0.442,0.71,,,,0.342,0.744,,,0.694,,,,0.724,,,0.688,,,,,,,0.754,,,0.666,,,0.728,,,,0.698,,,,,0.75,,,,0.738,,0.762,,,0.748,0.364,,,,0.734,,,,0.388,,0.78,,
Sissu1,0.589666667,0.029873971,,,0.76,,,0.698,,,0.418,,,,0.71,,,0.706,,,0.71,,0.652,0.774,,,0.38,,,,,0.404,,0.25,,,,,,0.436,,0.432,,0.752,,,0.324,,,,,,,,,,,,,,,,,0.698,,,,,,,,,0.698,,,0.696,0.732,,,,,,,,,,,0.688,,0.394,,,,,,0.758,,0.366,,,0.716,
Pormuc1,0.414526316,0.003655067,0.538,0.49,,0.44,0.344,,,0.416,0.294,,0.45,0.44,,,,,,,,,,0.446,0.428,,0.26,,0.388,,0.424,,0.466,,0.46,0.382,,,,0.33,0.464,0.366,0.388,0.528,,0.402,,,,,,,,,0.346,,0.458,,0.382,,0.39,,,0.41,,0.444,,,,0.512,,,,,,0.354,,,0.37,0.472,,0.468,0.448,,,,,0.404,,,,0.396,,,0.37,,,,,0.384,,
Sphst1,0.3791875,0.001599964,,,,,0.368,,,0.384,,0.418,,,0.316,0.37,,,,,,,0.398,,,,,0.376,,,,,,0.314,0.402,0.372,,,,0.356,,0.412,,,,,0.426,0.448,,,,0.42,,,,0.356,0.436,,,0.36,,,0.378,,,0.346,0.394,,0.312,0.4,,,,,,,,,,0.294,,,,,,0.404,0.398,0.352,0.34,,,,0.394,,0.438,,,,,,0.332,0.42
Exigl1,0.427290323,0.002005213,0.436,,0.518,,0.382,0.484,,,0.39,,,0.5,,0.398,0.39,,0.402,,,0.424,,,,0.466,,,0.384,,,,,,,,,,,0.392,,0.41,,0.42,,,,,,0.442,,,,,0.44,,,,0.498,,0.39,,,0.436,,0.344,,0.422,0.312,,0.478,,,,,,,,0.44,,0.444,,,,,0.424,,,,,,0.432,,,,0.438,0.466,,0.444,,,
Sisrad1,0.38937931,0.001362315,,,0.4,,0.358,,,0.402,0.378,,,,,,,,,0.386,,,,,,0.404,,,,0.368,0.448,,,0.384,0.39,,,,,0.386,,,,,,,,0.406,,,,0.346,0.448,,0.428,,,0.458,,,,0.356,,,,0.364,,,0.324,,,,0.396,,,0.412,,,,0.372,,0.41,,,0.406,0.38,0.312,0.414,,,,,,,,,,0.322,,,0.434,
ClaPMI390,0.339529412,0.001083408,,,,,,,,0.332,0.344,,0.344,0.364,,,0.384,,0.346,,,,,,0.37,,0.324,,,,,,0.356,,,0.322,,,,,0.332,,0.36,0.386,0.346,,0.324,0.36,,,,0.266,0.352,,,,,,,0.358,0.386,,0.29,0.388,,0.366,,,0.288,,,0.344,,,,0.292,,0.4,,,,0.316,,0.336,,,,,,,,,0.312,0.298,,0.34,,0.288,,,,0.33
Sisser1,0.398142857,0.001431386,,,0.374,0.436,,,,,,0.448,,,,,,0.414,,,,0.428,0.4,0.458,,,0.394,,,,,,,,,,,,,0.322,,,,0.392,,0.41,,,,,0.43,,0.388,,,,0.362,0.298,,0.362,0.396,,,,,,0.368,,,0.416,0.418,,0.35,,0.41,,,0.444,,,,,,0.37,,,,,,,,,,0.43,0.418,,,,0.43,,0.382,
Botbo1,0.457769231,0.002735785,,0.504,,,,,,,0.398,,0.424,,,,,,,0.47,,,0.436,,,,,,0.456,0.456,,,,0.424,,0.53,,0.466,0.498,0.43,,,,,0.59,,,,0.458,0.486,,,,0.484,,,,,,,,0.438,,,,,,,0.4,,,,,0.566,,,,,0.458,0.448,,,,,0.482,,0.348,0.412,,0.422,,0.418,,,,,,,,,,
Calco1,0.457925926,0.018257071,,,0.518,0.152,0.504,,,,,0.48,,,,,,,,,,,,,0.624,,0.452,,,0.664,,,,0.44,,0.61,,0.454,0.366,,0.526,,0.496,,,,0.46,,0.564,,0.48,0.51,0.458,,,,,,,,0.194,,,,,0.374,0.208,,,,,,,,0.448,,0.192,,,,,,,,,,0.566,,0.496,,,,0.622,,0.506,,,,,,,
Calvi1,0.444266667,0.013936754,,,,0.162,,,,,,,0.476,0.53,,,0.5,0.504,,0.62,0.502,,,,,,,0.436,,,,,,,,,,,0.328,,,,,0.574,,,,0.466,,,,,,,0.474,0.49,0.48,,0.442,0.488,0.23,0.506,,,0.496,0.348,0.196,0.484,0.462,,,0.47,0.58,,0.366,,0.188,,0.432,,,,,,,,,0.546,,,,,,,,,,0.552,,,,
Cercer1,0.581777778,0.008917206,0.596,0.636,,,,,0.634,0.746,0.594,,,,0.628,0.634,,,,0.572,,,0.656,0.586,0.6,,,,,0.574,,0.588,,,0.722,0.578,0.586,,0.318,,,,,0.574,,0.6,,,0.51,,,,,,,,,,,,,,0.652,0.67,,0.326,,,,,,,0.536,,0.42,,,,,,0.656,0.684,,,,0.654,0.454,0.462,,0.588,,,0.56,0.64,,0.592,0.63,0.488,,,,
Dacruf1,0.243166667,0.004480319,,,,,,0.24,,,0.27,,,,,,,,,,,,0.3,,,,,,,0.274,,0.246,,,0.412,0.31,,,,0.252,,,,,,,,,0.212,,,,,,,,0.184,,,,,,,0.26,0.134,0.174,0.138,,,0.26,0.2,,,0.236,,,,,,0.206,,0.368,,0.228,,,,0.18,,0.32,0.186,,0.246,,,,,,,,,
Uniuni1,0.25862069,0.004495172,0.214,,,0.196,,,0.244,,0.32,0.248,,,,,,,,0.298,0.2,0.246,0.324,,0.27,,,0.186,,,0.248,,0.272,,0.412,0.298,,,,,,,,,,,,,,,,,,0.228,,0.168,,0.248,,,,0.188,,,,,0.196,,,0.316,,,0.218,0.272,,,,,0.15,,0.354,0.43,,,,0.23,,,,0.288,,0.238,,,,,,,,,,
Dactort1,0.400774194,0.006608714,,,,,0.354,0.422,,0.486,,0.372,0.422,0.364,,0.458,0.372,,,0.424,,,,,0.46,,,,,0.48,,,0.404,,0.622,,,,,0.362,0.406,,,,,,0.268,,0.412,,0.356,,,,,,0.368,0.356,,0.296,0.234,0.316,0.462,,,,,0.344,,,,,,,0.384,,,,,,0.54,0.538,,,,,,,0.338,,,,0.438,,0.366,,,,,,,
Lened_B_1_1,0.118702703,0.000484492,0.136,,,,,0.16,,,,,0.142,,,,,0.106,0.094,,0.154,0.11,,,0.12,0.178,,,,,,,0.104,0.118,,0.1,,,0.106,,,0.1,,,,0.078,0.12,,,,,0.112,,,,,0.074,0.136,,,,,,0.1,0.096,,0.104,,,0.136,,0.12,,,0.128,0.12,0.118,0.114,0.128,,,,,,,0.128,0.106,,,,0.1,0.148,0.108,,0.11,0.146,,,0.134,,,