Project_code,mean,var,trial_1_G,trial_2_G,trial_3_G,trial_4_G,trial_5_G,trial_6_G,trial_7_G,trial_8_G,trial_9_G,trial_10_G,trial_11_G,trial_12_G,trial_13_G,trial_14_G,trial_15_G,trial_16_G,trial_17_G,trial_18_G,trial_19_G,trial_20_G,trial_21_G,trial_22_G,trial_23_G,trial_24_G,trial_25_G,trial_26_G,trial_27_G,trial_28_G,trial_29_G,trial_30_G,trial_31_G,trial_32_G,trial_33_G,trial_34_G,trial_35_G,trial_36_G,trial_37_G,trial_38_G,trial_39_G,trial_40_G,trial_41_G,trial_42_G,trial_43_G,trial_44_G,trial_45_G,trial_46_G,trial_47_G,trial_48_G,trial_49_G,trial_50_G,trial_51_G,trial_52_G,trial_53_G,trial_54_G,trial_55_G,trial_56_G,trial_57_G,trial_58_G,trial_59_G,trial_60_G,trial_61_G,trial_62_G,trial_63_G,trial_64_G,trial_65_G,trial_66_G,trial_67_G,trial_68_G,trial_69_G,trial_70_G,trial_71_G,trial_72_G,trial_73_G,trial_74_G,trial_75_G,trial_76_G,trial_77_G,trial_78_G,trial_79_G,trial_80_G,trial_81_G,trial_82_G,trial_83_G,trial_84_G,trial_85_G,trial_86_G,trial_87_G,trial_88_G,trial_89_G,trial_90_G,trial_91_G,trial_92_G,trial_93_G,trial_94_G,trial_95_G,trial_96_G,trial_97_G,trial_98_G,trial_99_G,trial_100_G
Hypsu1,0.10675,0.00055437,,,,,,,0.098,,,,,0.096,,,,,0.098,0.106,0.116,,,,,,0.088,,,,0.086,,0.122,,,,,,,,,,,,,0.11,,0.112,,0.1,,,,,0.084,0.146,0.142,,0.08,,,0.152,0.158,0.082,,,,,0.108,,,,,,,,,,0.086,,,0.086,0.08,,0.126,,,,,,,,,,,,,,,0.1,,
Phohig1,0.113517241,0.000628473,,,,,0.14,0.118,,,0.09,,0.072,,0.122,,,,0.082,,,0.172,0.126,,0.088,,0.134,,0.126,,,,0.118,,,,,,,,0.082,,,,,0.096,,,,0.124,,,0.098,,,0.12,,,,,,0.118,0.128,0.086,,0.13,,,,,,,,,0.128,0.11,,,,,,,,,,0.12,0.116,0.088,0.174,,,,,,,0.08,0.106,,,,,
Phoaln1,0.096727273,0.000505955,,,0.08,,0.11,,0.112,,,0.104,,0.08,,,0.088,,,,,0.122,,0.07,0.05,,0.088,,0.092,,,0.102,,,0.102,,0.138,,0.136,0.112,,0.1,,0.096,0.104,0.074,0.094,,,,,0.074,,,0.068,,0.098,,,,,,,,,0.128,,,,,,,,,,0.108,,0.124,,,0.108,,0.062,,0.116,,,,,,0.104,,,,,,,,0.1,0.048,,
Gymch1,0.119586207,0.000420394,,,0.102,0.11,,0.136,,,0.128,0.122,,0.108,,,,,,,0.124,,,,0.1,0.106,,,,,,,0.114,,,,0.138,0.138,,0.158,,,,,,,0.134,0.126,,0.124,,,,,0.088,0.142,,,0.082,0.11,,,0.154,,,,,0.118,,,,,,,0.14,,,0.12,,,,,,0.11,,,,,,0.084,,,,0.124,,,,,0.144,0.084,,
Gymjun1,0.11608,0.000410493,0.122,0.104,,0.098,,,0.144,,0.11,,,,,,,,,,0.132,,,,,,,,,,,,,,,,,,0.11,0.114,,,,,,,,0.126,0.112,,,,,0.078,,,0.106,,0.116,,,,0.172,,0.122,,,,0.104,,,0.088,,0.134,0.14,0.102,,,,,0.104,,,,0.13,,,,,,,,,0.126,,0.086,,,,,,0.122
Galma1,0.104606061,0.000583621,0.134,0.104,0.112,0.078,0.126,,0.086,0.096,,,,,0.136,,0.096,,,,,,0.136,,,,0.118,,,0.084,,,0.136,,0.09,,,,,0.104,,0.076,0.05,,,,,,0.094,0.104,0.05,,,,,,,,,,,,,,0.082,,0.128,,0.156,,,,0.12,,,,,,0.096,0.094,,,0.098,0.102,,,,,,,,0.094,0.132,,0.104,,,,0.122,,0.114,
Creces1,0.096903226,0.000384757,,,0.108,0.102,0.094,,0.088,,,0.124,,,0.112,,0.102,0.06,,,0.074,,,0.102,,,,0.078,,,,,,,,0.066,,,0.064,0.078,0.142,0.086,,0.104,,,0.12,,,,,0.082,,,0.092,,,,0.126,,,,,,,,,,,0.104,,,,,,,,0.096,,,,,,,,0.086,0.098,,,,,0.116,0.128,,0.106,,,0.084,,0.092,,0.09
Crevar1,0.082969697,0.00041828,0.066,,,,,,,,,,0.062,,0.102,0.056,,,0.08,,,0.09,,0.082,,,,0.054,,,,0.072,,,,,0.098,0.062,,,0.146,,,,,,0.114,,,,,0.086,,0.072,,,0.102,,0.116,0.088,0.056,,,0.06,,,0.076,,0.062,,,,0.08,0.092,,,,,0.076,,0.076,,,0.09,0.078,,,,,0.07,,0.112,0.094,,0.094,0.074,,,,,,
Crula1,0.081870968,0.000299983,0.138,,0.106,0.072,,,,,,,,,0.088,0.07,,,,,,0.074,,,,,,0.064,0.08,0.092,,0.074,0.082,0.062,,0.072,0.088,,,,,,,,,,,,0.062,,,,0.072,0.072,0.062,0.086,,0.068,,,,0.098,,,,,,,0.08,,,0.072,,,,,,,,0.086,,,,,,,0.076,0.078,0.114,,0.094,0.07,,,,,0.074,,,,,0.112
Cyastr2,0.07624,0.000231107,,,,,,,,,,0.064,,0.088,,,,0.072,0.076,0.056,0.076,,,0.07,0.056,,,,,0.07,,,,,,,0.09,,,,,0.096,,0.09,0.104,0.066,0.06,,,0.086,,,,,,,,0.056,0.066,,,0.06,,,,,,0.084,,0.078,,,,,0.092,0.11,,0.066,,,,,,,,,,,,,,,,,,,,,,,,0.074
Plucer1,0.087096774,0.000369824,,,,,,,,,0.102,,0.056,,,0.064,,,,,,,,,0.052,0.066,,0.066,0.106,,,0.07,,0.07,0.074,,0.116,0.118,0.088,0.094,,,,,,0.094,,0.07,0.12,0.092,0.078,,,0.08,,,0.096,,,0.092,,0.108,,,,0.108,,,,0.1,,0.074,,,,,,,,,,,,,,,,0.094,,,,,0.108,,0.092,,,0.058,,,0.094,
Volvo1,0.08830303,0.00035928,,0.07,0.136,,,,0.096,0.102,,,,0.072,0.084,,,0.1,0.1,0.066,,,,,,,0.074,,,0.122,,,,,,,,,,,0.092,,0.042,0.102,,0.07,,,0.114,,0.088,,,,,,0.106,,,0.09,,,0.1,0.082,,,,0.062,0.078,0.106,0.074,,0.084,,0.07,,,,,,,0.068,,,,0.1,0.088,,,0.098,,0.082,,0.096,,,,,,,,
Panst_KUC8834_1_1,0.078117647,0.000303258,,,0.094,0.04,0.084,0.07,,,0.08,,,,0.072,0.05,,0.068,,,0.08,,0.108,,0.076,,,,,0.07,,,0.108,0.074,0.088,,0.074,0.096,,,,,,,0.09,0.056,0.07,,0.08,,,,0.112,,,,,0.092,0.082,,,,,,,0.05,,0.086,,,,,,0.076,,,0.08,,,,,,0.076,,,0.07,0.06,,,0.076,,0.112,,,,,,,,0.056,,
Panst_LUM_1_1,0.072857143,0.000479126,,,0.108,,,,0.05,0.048,,0.092,,,,,,,,,,0.07,0.102,0.08,0.104,,,,,,0.044,,,0.084,0.072,,,0.118,,0.066,,,,,,,,,,,0.052,,0.104,0.058,,,,,,,0.05,,,,,,0.09,,0.082,0.064,0.038,0.046,,,,,,,0.078,0.048,,,0.074,0.064,0.076,,,0.056,,0.094,0.044,0.11,,0.068,0.056,,,0.08,0.08,,,
LedTMI1148_1,0.004709677,1.11E-05,,0.006,0.002,0.01,0.004,,,,,,,0.002,0.008,,,,,,,0.004,,,,,0.002,,0.004,,0.006,,,,,0,0.002,0.004,0.004,0.002,,,,,,,,,,,,,,0.004,,,,,,,,,,0.004,,,0.006,,,,,,0.01,,0.006,0.004,0.002,,,0.004,,,0.004,0.004,0.006,,,,,0.004,0.016,0,,,,,,,,,0.01,0.002
Lenedo1,0.005130435,1.59E-05,,,,0.004,,,,,,0.01,,0.002,0.012,0.006,0,,,,,,,,,,,,,,,,,0.008,,0.002,,,,,,,,,0.008,0.006,,,,0.008,,,,0.002,,,,0,,,,,0.002,,,,,,,,,0.002,,,,,0.006,,,0.008,,0.002,,,0.002,,,,,,0.014,,0.01,,,,,0.002,0.002,,,
LedVB361_1,0.00752,2.78E-05,0.008,0.006,,,0.006,,0.012,,,,,0.004,0.008,,,,,0.01,,0.004,,,,,0.002,,,,,,,,0.012,,,,,,0.008,,,,0.01,,,,,0.022,,,0.004,,,,,,,,,0.002,,,,,,,,,0.006,,0.022,,,,0.008,,,0.004,,,0.006,,,,,,,0.004,,,0.008,,,0.002,,0.008,,,,0.002
Lened1,0.035117647,0.000211198,,0.03,,0.01,,0.076,,0.038,0.044,0.042,,,0.038,0.014,,,,,0.048,,,0.018,,0.026,,,,,,,,0.038,,0.026,,0.024,,,,0.022,,,,0.032,0.046,,0.032,,,,,,,,,,0.016,0.036,,,,0.022,,,0.04,0.054,0.034,0.024,,,0.062,,,0.046,0.042,,,,0.024,,,,,0.042,,,,,0.062,0.032,,,,0.024,0.03,,,,,
LedB17_3,0.015939394,5.44E-05,0.036,0.012,,,0.01,,,,,,,,,0.014,0.02,,,,0.022,,,,,0.014,,,0.01,0.012,0.004,,,,0.018,,,,,,,,0.016,,0.01,,,,,0.01,,0.016,,,,,,,0.008,0.008,,,,,,,,0.012,0.028,,0.018,,0.026,,0.02,,,,0.026,,,0.01,0.022,,0.01,0.014,0.026,,,0.01,,0.016,,,,,0.026,0.016,,,0.006,
Lentinedodes1,0.006,1.93E-05,0,0.008,,,0,,0.006,,,,0.004,,,0.006,,,,0,,,,0.008,,0.002,0.004,,,,,,,,,,,,0,,,,,,0.008,0.008,,,,,0.006,0.008,,0.002,,0.004,,,,0.002,,0.008,,0.008,0.006,,0.012,,0.006,,,,0.016,,,0.008,,,,,0.004,,,,,,,,,,0.018,,,0.006,,,,,,,,
Led_CS584_1,0.009419355,3.95E-05,,,,,,,,,,,0.004,,,,0.006,0.012,0.006,,,,0.012,0.018,0,0.008,,,0.004,,,,0.008,,0.014,,,,,0.008,,,,0.006,,,,,,0.008,0,,0.002,,,,,,,,,0.01,,,,,,0.012,,,,0.01,0.022,0.002,0.012,,,,,0.014,,,,,0.016,,0.022,0.006,,,0.022,,,0.014,,0,0.008,,,0.006,,
LedTMI1633_1,0.013277778,3.09E-05,,,,,,0.014,,,,0.02,0.01,,0.014,0.006,,0.018,,,,,0.008,0.01,,,,0.002,0.012,0.008,0.012,,0.016,0.012,0.008,,,0.012,,,,0.008,,,,,,,,,,0.016,,0.01,0.02,,,,0.004,,,,0.008,,,,,0.018,0.014,,,,0.022,,,0.016,,,0.014,,0.004,,0.018,0.022,,,0.018,,,0.018,0.024,,0.016,,,,,0.018,,0.008,,
Lennov1,0.006142857,2.55E-05,,,,,,,,0.002,,,,0.004,,,0.002,,,,,,,0.014,0,,,,,,,,,,0.002,0.004,,0.006,,,0,0.002,,0.002,,0.012,,,,,,,,,,,,0.006,,,,0.016,,,,,,0.006,,,,,,,0.018,,0.004,0.008,0.006,0.006,,,,,,,,,,0.004,0.014,,0.01,0.012,0.006,0,,,,0.002,0.004,
LnoICMP18003A_1,0.067,0.000221784,,,0.088,0.06,,0.098,,,0.062,0.076,,,0.05,0.058,0.064,,,,,0.066,,0.064,,,,,,,,,,0.086,0.096,,,,,0.046,,,0.04,0.076,,,0.084,,,,,0.072,0.042,0.048,0.056,0.058,,,,,,0.07,0.06,0.056,,,0.096,,,,0.058,0.064,,,0.08,,,0.082,0.052,,,0.06,0.062,,0.074,,0.084,0.064,0.074,,,,,0.062,,,,0.058,,,,
LboTFB7810_1,0.017166667,6.45E-05,0.026,,0.024,0.004,0.012,,,0.032,,,0.014,,0.008,,0.016,,,,0.012,,,,,0.012,,,,,0.01,,0.028,,,0.014,0.016,,,0.008,,0.018,0.012,,0.024,,,,0.018,,0.026,,0.028,,0.016,0.014,,,,,0.012,,,,,0.018,,0.02,,0.02,,,,,0.024,,,,,,,,,0.008,,,,,,,0.018,,0.042,0.022,0.012,,0.014,0.008,,,,0.008
LboET3784_1,0.023266667,9.45E-05,,,0.016,0.026,,0.018,,,0.032,0.046,,0.024,,,,0.022,,,0.012,,,,0.012,,0.01,,0.02,,,0.048,0.026,,,,,0.014,,,,,,,,,,0.024,,0.024,,,0.02,,,,,,,,,,,,,,,,0.024,0.026,,,0.016,0.016,0.02,0.016,,,,,,,,,,,0.026,0.034,0.018,0.024,,,0.04,,0.034,,,,,0.01,,
Lbo_TFB10291_1,0.012888889,3.19E-05,0.018,,,,0.012,0.018,,,0.012,0.03,0.016,0.008,,,,0.02,,,,,,0.014,,,0.008,0.008,0.01,,,,0.016,,0.014,,0.014,,,,,0.01,0.008,,,,0.01,,0.014,0.02,0.002,,,,0.014,,,,,,0.014,,,,0.008,,,,0.016,,,0.016,,,,,0.006,,,0.002,,,0.01,0.008,0.018,0.01,0.02,,0.012,,,,,0.02,,,,,0.008,,,
LboTFB10292_1,0.016827586,6.81E-05,,,,,,,0.014,0.022,0.022,0.05,,,,,,,,,,0.01,,,,,,,,0.01,,0.026,,,0.02,0.004,,,0.014,0.01,,,,,,,,,0.018,,,,,0.012,0.014,,,0.024,,,,0.018,0.01,,0.018,0.02,,,,0.02,,,,,,,,0.016,0.014,,0.01,,,,0.014,0.012,,0.024,,,,,,0.018,,0.012,,0.012,,,,
Lbo_TFB10827_1,0.02737931,0.000131744,,,0.014,,,0.038,,0.032,,0.046,,,,,,,,0.016,,,0.018,,,0.016,,,,,,0.036,,,0.018,,,,0.042,,,,0.004,,,,0.038,0.01,,,,,,,,0.034,,0.02,,,,,,0.012,,,0.026,0.026,,,0.028,,,,0.034,,,0.044,,,,,0.024,,,,0.048,0.028,,0.036,,,0.028,,,0.028,,,0.016,,0.034,
Armost1,0.013333333,6.24E-05,,0.01,0.006,,0.008,,,,,,,0.006,0.008,,,,0.02,,,,0.014,,,,0.03,,0.014,,,,,,0.014,0.004,,,0.01,,,0.016,,,0.03,0,,0.008,,,,0.016,,,,,0.018,,,,,,0.008,0.026,0.02,,0.016,,,,,,,0.024,,0.004,,0.004,,,,,0.02,,,,0.018,,,0.01,,,0.014,,,,,,,,0.004,
Armosto1,0.013705882,6.65E-05,0.036,,,,,,0.012,,0.006,0.018,,0.006,,,,0.004,,,0.016,0.014,,,0.014,0.004,0.016,0.01,0.012,,,,,,,,0.02,0.004,,,,,,0.018,0.018,,,,,,,,,,,,,,0.006,,0.006,0.008,,0.03,,,0.016,,,,,,,,0.012,,,,,,0.006,,0.012,0.012,0.02,0.026,0.022,,0.026,,0.02,,,0.008,,0.006,,,,0.002,,
Armbor1,0.012645161,3.42E-05,,0.016,,0.012,,,,,,0.01,,,,,0,0.01,,,,0.018,,,0.012,,0.016,0.012,0.01,,,0.01,,,0.014,,,0.006,,,,,,,0.022,,,,,0.018,0.004,,,0.008,,0.022,0.02,,,0.006,,0,,,,,,0.022,,,0.014,0.01,,0.018,,,,,,,,0.014,0.018,,,,,,0.016,,0.01,,,,0.01,,,,0.014,,,
Armga1,0.01608,7.88E-05,,,,,,,,0.004,,,,,0.022,0.018,,,0.004,,,,,,,,,,,,,,,,,,0.018,,,0.026,,,,,,,0.014,,,0.036,,,,0.014,,,,,,0.004,,,,,0.03,,,,,0.004,,0.006,,,,,,,,0.012,,,,0.014,0.012,0.03,0.012,0.012,0.024,0.01,,0.012,,,0.022,,,,0.022,0.02,,
Armcep1,0.012956522,3.49E-05,0.022,0.008,,,0.018,,,,,,,,,0.002,,,,,0.028,0.016,,,,,,,,,,,,0.016,0.01,,0.01,,,,0.018,,,,,,0.008,,,,,,,,,,0.012,,,0.008,,,0.006,0.008,,,0.018,,0.014,,0.014,,,,0.01,0.01,,,,,0.018,,,,,,,,,,0.008,,,,,,,,0.016,,,
Armnab1,0.012666667,4.06E-05,,,,0.01,0.01,,,,,,,,,,,,,,0.02,,0.008,,,,,0.01,,,,,,,0.022,0.002,,,,,0.016,0.006,,,,,,0.004,,,,,0.014,,,0.014,0.008,0.008,,,,,,,,,,0.016,,,0.008,0.004,,0.02,,,0.016,,,,,,,,0.014,,,,0.022,,,0.008,,,0.022,,,,0.022,,,
Armfum1,0.01776,4.14E-05,,0.022,0.02,,,,0.014,,,,,,,,,,,,,,0.014,,,,,,,,,0.018,,,,,,,0.026,,,,0.002,,,,0.02,0.014,,0.024,,,,0.024,,,,,0.01,,,,,,,,0.028,,0.01,,0.012,,,0.014,,,,0.016,,,,,,0.016,0.014,0.03,0.018,,,,,,0.018,0.026,0.02,0.014,,,,,,
Armlut1,0.019555556,6.00E-05,,,,,,,,0.014,,,,0.012,,,,0.018,,,,0.018,,,0.008,,,,,,,0.014,0.008,,,,,,,,,,,,,,,,,0.028,,,,0.03,,,,,,,,,,,0.022,,,,,,,0.012,0.02,,0.016,0.018,,,,,,,0.034,,,,,,,,,,,,0.024,,,,0.028,,,0.028
Armme1_1,0.032742857,8.31E-05,0.028,,,,,,0.022,0.032,,0.036,,,,,,,,0.026,,0.022,,0.02,,,,,,,,0.046,,0.036,,,,,,0.03,0.044,0.056,0.032,0.042,,0.03,0.022,,,0.044,,,,,0.024,,,,,,,,0.028,0.03,0.026,0.036,,0.042,0.038,,0.036,,0.016,0.046,,0.026,,,0.03,,,,0.042,0.022,,,,,0.034,0.03,,,,,,,0.044,0.028,,,,
Armtab1,0.040428571,9.70E-05,,,,0.03,,,0.024,,,0.044,,,,,,,,0.04,,,,,,,,0.034,,0.026,,,,,,0.04,,0.028,,,,0.062,,0.044,0.046,0.04,,0.032,,,,0.042,0.056,,,,,,0.03,,0.038,,,,0.058,,,,,0.028,,,,0.034,,,0.034,,,,,,,,,0.054,,,,0.042,0.048,,0.046,,0.046,,,0.046,,0.04,,
Oudmuc1,0.062461538,0.000146978,,0.066,,,,0.076,,,,0.074,0.054,,0.062,,,,0.05,,0.074,,,,0.052,,,,,,,0.066,,,0.062,,,,,,0.054,,,0.076,,0.064,,,,,0.042,,0.054,,,,0.07,,,0.046,0.056,,,,,,,0.066,,,,,,,0.048,,,,,,0.07,0.058,,0.066,,,,,0.1,,0.06,,0.058,,,,,,,,,
Cylto1,0.096918919,0.000260577,,0.07,,0.08,,0.092,,,0.102,,,,0.108,,0.086,,,,0.096,0.088,,0.112,,,,0.082,,0.126,,,0.092,0.084,,,0.11,,,0.064,0.086,,0.082,,,,,0.084,,0.098,0.07,,0.122,,0.126,,0.092,,0.108,,0.104,,,,0.1,,,,,,0.09,,,,,0.082,,0.096,,,,,0.092,0.112,0.116,,0.096,0.11,0.12,,,,,,,,,0.086,,,,0.122
Cysmur1,0.1628,0.000993821,,,0.16,0.136,,,,,,,,0.152,0.178,,,,,,0.17,,,,0.15,,,0.214,,,,,,0.174,,,,,,,0.184,,,0.198,0.144,0.152,,,0.158,,0.084,,,,0.142,0.214,,,0.166,0.112,0.194,,,,,,0.194,,0.16,0.186,,,,,,,,,,0.208,,0.174,,,,,,,,,0.102,,0.128,0.168,,0.144,0.15,,,,0.188,
Schco2231_1,0.006625,1.87E-05,,0.008,0.014,0.01,,0.014,,,,,,0.006,0.012,0.006,,,0.004,0.002,,,,0.01,,,,0,0.004,,,0.002,,,,0.002,,,,,,,0.014,,0.006,,,,0.006,0.006,,,,0,,,,,0.008,,,,,,,,,,,,,,0.004,,,0.012,,0.014,,,0.004,0.002,0.01,,,0.006,0,0.01,0.006,,0.004,0.006,,,,,,,,,,
Schco2251_1,0.012105263,2.15E-05,,,,,,0.014,,,,,0.012,,,,,,,,,,,,0.006,,,0.002,,,,,,0.012,,,,0.01,,,,,,,,,0.018,,0.016,,,,,0.008,0.014,,,,,,,,,,,,,,,,0.012,0.016,,,0.016,,0.02,,,0.008,,,,,,,,0.014,,,,,,,0.01,,,0.016,,,,0.006
Schco2271_1,0.0075625,2.06E-05,0,0.012,0.01,,,,,,,0.002,,,,0,0.012,,,,,,0.004,0.008,,0.006,,,,,,,,,0.006,0.008,,,,0.004,,0.006,,,,,0.016,,0.008,,,,,,,0.014,0.002,,0.008,,,,,0.008,0.01,,,,,,,,0.008,0.006,0.008,,,,,,,0.004,,0.008,0,0.006,,,,,,0.006,,0.006,,,0.014,,,,0.016,0.016
Schco2071_1,0.003939394,8.37E-06,0,,0.004,,0,,,0.004,,,,,0.006,,,,0.008,,0.008,,0,0.008,,0.008,,,,,,0,,0.004,,,,,,,,,,,0.004,0.002,0.008,0.002,,0.006,0.002,0.004,,0.002,,,,,0.004,0.006,,,0.002,,,0,,0.002,,,,,,,,0.004,,,,,,0.004,0.01,,,,0.004,0.008,,0,0.004,0.002,,,,,,,,,,
Schco2272_1,0.006967742,3.60E-05,,,,0.012,,0.02,,,,,0.004,0.006,,0.004,0.01,,,,,,0.002,,0.002,0.006,,,,,,,,,0.002,,0.008,0.002,0,,0.006,,0.002,,0.006,,0.006,,,0.012,,0.002,,,,,,0.004,,0.012,,,0.002,,0.004,,,,,,,,0.004,,,,,0.026,0.004,,,,,0.002,,,,0.012,,,,,,,,,0.018,,,,0.006,0.01
Schco_LoeD_1,0.010689655,2.98E-05,,0.016,,0.006,0.012,,,,,0.006,0.008,,0.014,,0.014,0.01,,,,,0.006,,,0.002,0.004,,,,0.02,,,0.008,,0.004,0.006,,,,0.016,,,,,,0.012,,,0.006,,,,,0.004,,,,,,0.006,,,0.008,,,,,0.012,,,0.018,,,,,,0.018,0.024,,,,0.014,0.012,,,,,,,,,,0.012,,,,,,0.012,,
SchcoZB2,0.011941176,2.70E-05,,0.01,0.012,,0.01,0.02,,,,,,,,,,0.01,0.014,0.012,0.012,,,,,,0.002,,,0.006,,0.008,,0.014,,,,,0.01,0.01,0.01,,,,,,,,0.01,,,0.004,0.006,,,,,,,0.004,0.02,0.018,,,0.01,,,,0.01,0.012,0.016,,0.01,,,0.008,,,,0.012,,,0.024,,0.012,,,0.014,,,,,,,,,0.018,,0.014,0.024,,
Schco_TatD_1,0.005214286,1.55E-05,,,,,,,0.002,,,,0.008,,,,,,,,0.004,,,,,,0.002,0,,0.002,0.012,,,,,,,0.004,,,0.006,,,0.002,,,,,,,,,,,,,0.004,,,,,0.002,,0.004,,,,,0.002,,0.004,,,0.006,,,,0.01,,0.002,0.006,,0.01,,,,,0.014,,0.006,,,0.002,0.014,,,0.01,,0.002,0.002,,0.004
SchcoZB1,0.003793103,7.53E-06,,,,,,0.012,,,0.002,,,,0.006,,,,,,,,,,0.002,,,,0.004,,0.006,,0.002,,,0,0.006,,0,,0.004,0.004,,,,,,,,,,,,0.004,,0.002,,,,,0.006,,,,,,,,,0.006,,,0.004,0.002,,,,0.008,,0.002,0.006,,,0.006,0.006,0.004,0,,0.002,0,,,,,,0.002,,,,,,0.002
Schrad1,0.037189189,9.28E-05,0.028,0.04,,0.044,,0.054,0.022,0.034,,0.034,,0.038,0.03,0.044,0.046,,0.036,0.048,,,0.028,,,0.034,0.032,,,,0.038,,,,,,0.048,,,,,,,0.046,0.032,,0.04,,0.048,,,,,0.028,,,0.024,,,0.024,,,,,,,,,,0.038,0.032,,,,,,0.046,0.02,0.066,,,,,0.034,,0.028,,,0.044,,,,,0.044,,,,,0.03,,0.036,0.038
Auramp1,0.027657143,6.01E-05,,,,,,,0.018,,0.026,,0.036,0.032,,,,,0.032,,,,,0.028,,0.024,,,,,0.036,,,,,,0.036,,0.022,,,,0.018,,,,,,0.036,,,0.028,,,0.04,0.04,,,,,,0.03,0.028,,0.02,0.012,0.022,0.02,0.024,,,0.022,,,0.022,0.016,,,,,,0.036,0.042,,,,,,,,0.024,,,0.02,,0.036,0.032,0.028,0.018,0.03,0.034,
Fishe1,0.26125,0.000977484,,0.216,0.268,,,0.23,0.262,,,0.276,,0.296,,,0.256,,0.252,,,,,,,,,,,,0.212,0.316,,,,,0.29,,0.246,,,,,,,,,,,,0.292,0.254,,,0.236,0.296,,0.242,0.254,,,,0.21,,,,,,0.234,,,,,0.232,,,,0.282,,,,0.24,0.318,0.264,,,,,,0.254,0.262,,,,0.292,,0.33,0.276,0.222,,0.25,
Denmi1,0.106969697,0.00045803,0.114,0.092,0.142,,,0.14,0.074,,,0.068,,0.114,,,0.108,,0.136,0.088,,,,,0.084,,0.076,0.088,,,0.12,,0.134,0.122,,0.066,,,,,0.094,,0.1,0.13,,,0.102,,,,,,0.104,,,,,,,,,,,,0.13,,,,0.12,,0.1,,0.138,,,,,,0.112,,,0.126,,,,,,,0.094,0.086,,,,,,0.11,0.114,,,0.104,,
PleosPC15_2,0.146709677,0.000682013,0.186,,,,,0.172,,,,0.142,0.108,0.174,0.144,,,0.112,,,0.196,,0.116,,,0.108,,,,0.148,,,,0.11,,,0.186,,,,,0.144,,0.184,0.184,0.148,,,,,,,,,,,0.136,,,,0.166,,,,,,0.144,,,,,,0.142,,,0.144,,0.14,,,0.144,,,,0.17,0.166,,0.106,0.142,,,,0.136,,,,,,,0.128,0.122,
PleosPC9_1,0.175071429,0.000746217,0.146,0.16,,,,0.192,,,,,0.098,0.176,,,,,0.202,,0.194,,,,,,,,,,,0.196,,,0.184,,0.22,,0.168,,0.184,,,0.168,0.196,0.174,,,,,,,,,0.154,,,,,,,,0.196,0.136,,,,,,0.16,0.182,,,0.156,,,,,,,0.162,0.158,,,,0.194,,,,,,,,0.214,,0.192,0.208,,,0.132,,
Radcon1,0.1631,0.000347147,,,,,,,,,0.164,,,,,,,0.18,,,,,,,,,0.146,,,,,,,,0.154,,,,0.196,,,,,,,0.182,,,,,,,0.162,,,,,0.15,0.164,,,,,,,0.198,,,,,,0.128,0.188,0.158,,,,,,,,0.158,0.138,,0.164,,,,,,0.152,,,,,,0.156,0.148,,,,0.176
Anobom1,0.2468,0.001682924,,0.246,,0.2,,,,,,,0.216,,,,0.28,0.208,,,0.286,0.304,,,,0.266,0.274,0.194,0.26,0.186,,,,,,,,,0.282,,,,,,,,0.286,0.23,,,,,,0.194,,,,,,,0.242,0.288,,0.162,,,0.288,,,,,0.252,,,,,0.268,,,0.18,,0.194,,0.236,0.304,,,,,,,0.256,,,,,,0.254,,0.282,0.286,
Amysub1,0.303714286,0.006532514,,0.324,,,,,0.332,,,,0.302,,,,,0.226,,,,,0.366,,,0.244,,,,0.386,0.388,,0.226,,,,,,,0.282,,,0.204,,,,,,,,,,,0.314,,,,,,,,,0.228,0.136,,,,,,,0.444,0.382,,0.204,0.382,,,,,,,,,,,,0.388,,0.274,,,,,0.346,,,,,,,,
Plicr1,0.331793103,0.002334956,0.326,,,,,,,0.338,,0.37,0.214,0.374,,,0.316,,0.322,,0.318,0.268,,,,,,,0.272,,,0.346,,,,,0.406,,,,,0.314,,,0.296,,,,,,,,,,0.34,0.408,,,0.324,,,,,,0.394,,,0.428,,,,,,,,0.296,,,,,,,0.368,,,,,0.342,,,0.346,,0.354,0.324,,0.234,0.344,0.33,,0.31,,
Intcon1_1,0.1735625,0.00158677,0.252,,,,0.176,0.228,,,,,0.158,0.224,0.168,,,,0.174,,0.186,0.136,,,,,0.154,,,,0.116,0.174,,,,,,,0.166,,,0.222,,0.138,,,,0.126,,,,,0.208,,,,0.156,,0.144,,,,,,0.27,,0.136,,,,0.094,,0.162,,,,,0.158,,,0.176,,0.224,,0.166,0.138,0.154,,0.18,,,,,,0.172,,,0.218,,,,
Anomyc1,0.141916667,0.001833906,,,,,,0.132,,,,,,,,,,,,,0.134,0.16,0.146,0.126,,,,,,,,0.204,,0.13,,0.092,,,,,,,0.046,,,0.104,,0.126,0.166,0.148,0.14,,,,,,,,0.112,,,,0.158,0.076,0.184,,,0.18,,,,0.142,,,0.152,,,0.162,,,,,,,,,0.126,,,,,,,,,,,,,,0.26,
Fibsp1,0.249066667,0.002196892,0.316,,,,,0.29,,0.226,,,0.264,,0.244,,,,,,0.204,,0.21,,,0.25,,,,0.142,0.182,0.228,0.258,,,,,,0.254,,,0.274,,,,,,,,0.266,,,0.338,0.232,,,,0.226,0.178,0.294,0.218,0.17,,,0.32,,,,,,,,,,,0.222,,,0.262,,,,,,0.292,,,,,,,,0.29,,,0.246,,0.276,0.3,,,
Hygaur1,0.311090909,0.002863515,,,,0.286,,,0.338,,,,,,,0.226,0.316,,,0.32,,0.324,0.33,,,0.298,0.272,,,,,,,0.25,,,0.472,,,,,,0.342,,,,0.384,0.27,,,,,,0.35,,,,0.28,,,,,,0.222,,0.306,,,,,,,,0.32,,,,,,,0.33,,,,,,,,,,0.286,,,,,,0.322,,,,,
Leumo1,0.337466667,0.004598878,,,0.35,,,,,0.422,0.282,,,,,,,0.28,,,0.356,,,,,,,0.214,,0.286,,,,,,0.226,0.5,,0.384,,,,0.314,,0.248,0.386,0.43,,0.342,,,0.286,,0.368,,,,,,,,,,,0.374,,0.346,0.414,,,,,,0.294,,,0.33,,,,,0.238,,,,,0.332,,,,,0.378,0.362,,,0.322,,0.318,,0.29,,0.452
Conol1,0.262,0.003848276,0.256,,0.218,,,0.254,,0.266,,,0.152,,0.23,,0.206,,0.254,,,,,,0.27,,,,0.28,,,,,0.2,,,,,,0.178,,,,0.338,0.31,0.404,,0.166,,,,,,,,0.25,,,,,,,,,,0.242,,0.366,,0.204,,,0.336,,,,0.318,0.268,,,,,0.218,,0.254,,0.268,,,0.304,,0.24,,,,,,0.224,,,,0.386
Conpu1,0.254,0.004505231,,,,0.198,,,,,0.208,0.216,,,,,,,,,,,0.278,,,0.186,,,0.322,,0.232,,0.222,,0.212,,0.332,,,,,,0.156,0.334,0.274,0.368,,,,,,0.17,,,0.222,,,0.234,,0.174,,,0.228,,,,,0.344,,,,,0.274,,,,0.334,,,,,,,,,,,,0.234,0.284,,,,0.218,,,,,0.192,,,0.412
SerlaS7_3_2,0.560375,0.018127081,,,,,,,,,0.47,0.416,0.154,,,,,0.628,,,,,0.668,0.582,,,,0.292,,0.596,,0.658,0.642,0.6,,0.654,,,,,,,,0.68,0.424,,0.678,,,,,0.506,,0.668,0.56,,,0.63,0.566,,,,0.344,,,0.652,,0.706,0.638,0.412,,,0.66,0.358,,,,,,,,,,0.652,,,,,,,,,,,0.532,0.682,,,0.628,0.596,,
SerlaS7_9_2,0.600647059,0.019537144,,,,,,,,,0.49,0.436,0.176,,,0.628,0.692,,,0.704,,,,,,0.658,0.74,0.316,0.71,,0.582,,,,,,0.768,,,0.618,,,0.712,,0.45,,,0.654,,0.588,,0.526,,,,,,,,0.692,0.622,,0.39,,,,,,,0.44,,,,0.38,,,0.7,,,0.696,0.632,0.632,,,,,0.748,0.626,,,0.736,0.718,,0.704,,,0.66,0.598,,,,
Serla_varsha1,0.433259259,0.005210815,,,,0.5,,,,,,,0.212,,,0.444,,,,,,,,0.394,,,,0.282,,0.41,0.372,,,0.406,,,,,,0.422,,,,,,,,,0.562,0.428,0.498,,,,0.43,,,,0.406,,0.42,,,0.476,0.494,,,,,,,0.484,,,,,,,,,0.424,0.392,0.51,,,,,0.402,,,,,,,0.418,,0.49,0.45,,0.438,0.534,
Pycco1,0.041333333,0.000299439,0.046,,0.036,0.05,,0.042,0.032,,,,,,,,,0.068,0.022,0.016,0.02,,,,,,,,0.04,,,,,,,0.028,0.048,,,,0.086,,,0.032,,0.042,0.028,,0.026,,0.078,,,,,0.062,0.042,,0.038,0.044,,0.04,,0.016,0.04,0.042,,,,0.088,,,,0.032,0.054,,,,,,0.024,0.024,0.032,,0.032,,,0.046,,,,0.06,0.034,,,,0.03,,0.042,,,0.05
Pycco1662_1,0.036636364,0.000392909,,,,0.046,,,,,,,0.02,,,,,0.05,,,,0.01,,,0.012,0.038,,,0.03,,,0.04,,0.01,,,,0.044,,,0.076,,,,,,,0.018,,,0.07,,,,,,,,,0.032,,,,,,,,0.04,0.02,0.076,,0.032,,,,,0.02,,0.034,,,,,,0.032,,,,,,,0.056,,,,,,,,,,
Pycsa1,0.0446875,0.000415383,,,,0.072,,,,,,0.044,,0.02,,,0.018,,,,,,,,,,,,,,0.044,0.054,0.046,,0.034,,,,0.042,,0.068,,,,,,,,,,0.114,0.026,0.054,0.03,,0.06,0.036,0.032,0.044,,,,,,,0.042,,0.056,,0.094,0.034,,,0.036,,,,,,,,,0.03,0.028,,,0.046,0.044,0.032,,,,,0.05,0.02,0.044,,0.036,,,,
Pycci1,0.0732,0.000333694,0.07,,,,,,,0.048,,,,,,,,0.086,,,,,,,0.036,0.09,,,,0.058,,0.094,,0.084,,,0.076,0.082,0.074,0.048,,,,,,,,0.052,0.106,0.068,,,0.106,,,0.106,0.068,,,,0.078,,0.088,,,,,,,,,0.084,0.06,,,0.07,,,0.08,0.044,,,,,,0.088,,0.078,0.072,,0.076,0.07,,,0.098,,0.048,0.054,,0.058,,0.064
Pyccin1,0.056923077,0.000270154,,,,,,,,,,,,,,,,,0.07,,,,,0.066,0.03,0.07,,0.05,,,,,,,0.036,,,,0.046,,,,,0.04,0.06,,,,0.06,,0.086,,0.086,,,,,,,,0.054,,,,,0.072,,0.064,,,,,,,,,0.048,0.044,0.062,,0.044,,0.032,,,0.078,0.056,0.074,,,,0.066,,,,,,,0.028,,0.058,
Traci1,0.068384615,0.000330886,,,,,0.068,,,,0.054,,0.05,,,,,,,0.048,,,,,,0.07,,,,0.072,0.092,0.082,,,,,0.052,,,,,,,,,0.07,,,,,,,0.064,,,,,,0.046,,,,,,0.07,,0.086,0.048,,0.108,,,,,0.1,0.066,,,,0.07,,,,,0.08,,,,,,0.052,0.04,,0.098,,,0.06,,,,0.078,0.054
Trapub1,0.150928571,0.000805772,,,,0.148,0.144,0.186,,,,,,,,0.1,0.11,,0.17,0.138,,,0.15,,0.094,0.114,0.122,0.144,,0.14,,,0.208,,,,,0.182,0.16,,,,,,,0.132,,,0.162,,0.154,,0.17,,,,,,,0.158,,,0.202,,0.168,,,,,,,0.178,,0.144,,,0.152,,,0.124,,,,,,,,,,,,,,0.172,,,,,,,,
Trave1,0.074296296,0.000401447,,0.058,,,,,,0.052,,0.072,0.068,,,0.044,,0.07,0.092,,,0.078,,,,,0.062,0.068,,,0.094,,,,,,,,0.078,,,,,,,,,,0.074,,0.108,,,0.06,,,,,0.07,,,,0.128,,,,,,,,,,,,0.104,0.062,0.106,,0.052,,,0.086,,,,,,,,0.068,,0.048,0.07,,,0.066,,,,,0.068,
Tragib1,0.092413793,0.000624108,,,,,,,,,0.082,,,,,,,,0.082,,,,,,,,0.092,,,,0.116,0.144,,0.062,,0.056,0.106,0.098,0.086,,,,0.044,,,0.13,0.058,,,,,,,,0.102,,,0.148,0.09,,,0.076,0.114,,,0.072,0.104,,,0.114,,0.096,,,,0.096,,,,,0.07,,,0.076,0.078,,0.116,,,0.084,,,0.088,,,,,,,,,
Tramax1,0.085241379,0.001058404,0.044,,,,0.124,,,,0.092,0.074,,,,,,,,,,,0.088,,,,,0.068,0.086,,,0.092,,0.058,,,,0.07,,,0.072,,,,,0.064,,0.054,,,,,,,,0.078,,0.128,,,0.05,,,,,,,,0.086,,0.158,,,,0.166,,0.072,0.062,,,,,,,,0.068,,0.09,,0.094,,0.042,,,,0.112,0.146,0.054,,,,0.08
Tramey1,0.068594595,0.00084997,,0.04,,,0.124,,0.014,,,,0.054,,0.068,,,,0.074,0.072,,,,,,,0.028,,,,0.068,,0.06,,,0.058,0.07,,,0.022,,,0.044,,,,,,,,,,0.066,,0.062,,,0.102,0.05,,,,0.086,0.05,,,0.09,,0.07,0.104,0.118,0.066,,,0.132,,,,0.048,,,0.046,0.048,,,,,,0.046,0.088,,,0.034,0.1,0.046,0.09,0.124,,,,,0.076
Lenti6_1,0.040764706,0.000431276,,0.042,,0.058,0.074,,,0.03,,,,,,,0.024,,,0.034,,0.054,,,,0.04,,0.018,,,,0.03,0.068,,,0.008,0.108,,,,0.05,0.042,,,0.04,,,0.024,,0.058,0.04,,,0.022,,,,,,0.024,0.04,0.02,,,0.044,,,,0.044,,,,0.02,,,,0.028,0.034,0.074,,0.024,,,,,,,,0.066,,0.02,,,0.056,,,,,,,0.028,
Lenti7_1,0.0691875,0.000694931,0.04,,,0.068,0.104,0.114,0.032,,,,0.052,,0.05,,,,,,,0.108,,0.082,,,0.074,,,,,,,,0.072,,0.118,0.064,,0.086,,,,0.042,,,,,0.026,0.104,,0.084,0.05,,,0.052,,,,,,,,0.05,,,,0.076,,,,,,,0.066,0.074,,,0.12,0.044,,,,,0.044,,,,0.088,0.064,,0.082,0.044,,,,,,,0.04,,
Sisbr1,0.04592,0.00055516,,0.052,,,,0.06,0.018,,,0.036,,,,0.018,,,,,,,,,,0.034,0.026,,0.042,,0.068,,0.102,0.038,,,,,,0.026,0.08,,,,,,,,,,0.066,0.09,,,,,,0.05,0.028,,0.04,,,,,,0.046,,0.05,,,,,,,,,,,,,0.032,0.012,0.052,,,,,0.068,,,,,,,,,0.014,,,,
Polar1,0.071619048,0.000560248,,,,,,,,0.084,,,,,,,,,,0.06,,,,0.064,,,,0.062,,,,,,,0.078,,,,,,0.082,0.088,0.05,,0.066,,0.046,,,0.066,0.116,0.112,,,,,0.118,0.086,,,,,,,,,,0.058,,,,,,,,,,0.082,,,,0.054,,,,,0.054,,,,,,,,,,0.03,,0.048,,,
Polbr1,0.058903226,0.000490357,,,,0.054,,,,0.072,,,,,0.056,,,0.044,,,,,0.04,,,0.046,,,,0.058,,,0.082,,0.058,,0.044,0.036,0.052,,,0.078,,,,,,,0.032,,0.102,0.098,,0.066,,0.062,0.118,0.092,,,,0.046,,0.042,0.07,,,,,,0.032,,,,,,,0.078,,,,,,,0.058,0.048,,,,,,,,,0.05,0.032,,,0.038,,,0.042
Polsqu1,0.138727273,0.001068705,,,,0.136,,0.15,0.06,,,,0.15,0.12,,0.084,0.108,,0.108,0.126,0.132,,,0.146,,,,,0.168,,,0.154,0.21,,,,0.172,0.146,,,,,,,,,0.152,,,,0.186,,,,0.102,,0.186,0.152,,,,,,,0.18,,,0.13,,,,0.112,,,,,,,0.144,0.148,0.118,,,0.108,,,,,,,0.128,0.142,,,0.144,,,,0.09,,0.186,
Earsca1,0.107235294,0.00099564,,,,,0.07,,0.046,,0.146,0.16,,0.092,0.126,,,,,0.082,0.072,,,0.106,,,,,0.14,0.092,0.146,,0.204,,,,,,,,,0.104,,,,,,,0.078,,0.124,0.118,0.092,,0.09,,,,0.114,0.114,0.06,,,,,,0.098,0.088,,,,,0.076,,0.128,0.11,0.118,,,0.116,,,,0.134,,0.094,0.086,,0.086,,,,,0.136,,,,,,,,
Fomfom1,0.158315789,0.001540871,0.152,0.17,,0.136,,0.164,0.056,,0.21,0.21,,,,,0.1,0.122,0.114,,,0.072,,,,0.124,,,,,0.222,,0.204,,,,,,0.144,,,,,,,,0.136,0.17,,,,0.168,,0.146,0.132,,0.202,,,,,,0.164,0.222,0.138,0.172,0.182,,0.108,,,,,,0.196,0.164,,,,0.19,0.154,0.192,,0.16,,,,,,,,0.178,0.13,0.196,,,,0.132,,,0.184,
Hexnit1,0.143371429,0.001558299,0.124,0.148,,,,,0.044,,0.16,,,,0.172,,0.126,,,,,,0.1,,,,,,0.168,,0.208,,0.158,,,,,,0.148,,0.136,,,,0.162,,,0.134,,,,,0.138,0.106,,,0.206,,,0.156,,,0.134,0.216,,0.196,,0.138,,,,,,0.094,0.19,,0.196,,,0.152,0.16,,,0.156,,,,0.108,0.088,,,,0.112,0.15,,,,,0.064,,0.152,0.118
Dicsqu463_1,0.59744,0.032920507,,,,,,,0.066,,,,,,,,0.646,,,,0.622,0.57,,,0.23,,0.388,,0.738,0.638,,,,,0.746,,,,,0.524,0.76,,,0.712,,,,0.766,0.578,0.772,,,,0.764,0.514,,,,0.742,,0.498,,,,,,,0.59,,,,,,0.792,,,,0.748,,,,,,,,,,,0.494,,0.638,,,,,,,,0.4,,,
Dicsqu464_1,0.675783784,0.031152174,,,0.598,0.8,0.794,0.818,0.07,,,,,,,0.596,,0.624,,0.754,,0.568,0.818,,0.232,0.794,0.39,,,,,,,,,0.742,,,0.822,0.514,,,,,,0.674,,,,,,,,,0.52,0.776,,,,,0.518,0.68,,,,,,0.582,0.712,,,,,,,0.814,,,0.786,0.806,0.788,,,,,0.794,,0.82,,0.712,,0.78,0.662,0.828,,,0.79,0.806,0.426,,,0.796
Dicsq1,0.492,0.014956706,,0.632,0.458,,,,0.176,,,,,,,0.402,,,,0.566,,,,,,,0.376,0.504,,,,,,,,0.542,,,,,,0.596,,,0.634,,,,,,,,,,,,,,,,,,,,,,,,0.518,,,,0.46,,,,,,,,,0.626,,0.63,,,,,0.38,0.542,0.456,,,,,,,,0.358,,,
Dicsqu18370_1,0.589612903,0.022080645,0.688,,0.45,,,,0.072,,0.69,0.722,,0.614,0.728,0.468,0.556,0.52,0.674,,0.514,,,,0.22,,,0.63,,0.54,,,0.732,,,,,0.68,,,,,,,,0.538,,,0.536,,0.676,,,,,,,,,,,0.56,,,,0.732,0.684,,,,,0.722,0.61,,,,,,,,,,0.674,,,,,,0.456,,,,0.546,,0.688,0.65,,,,0.708,,
Persub1,0.208944444,0.002776797,,,,,,0.234,0.046,0.224,,,0.176,,0.228,0.138,,0.15,,0.216,0.172,,,,,,,,0.242,0.184,,0.29,,0.27,,0.162,,0.162,,,,,,,0.22,,,,0.154,,,0.226,,,0.152,,0.218,0.294,,,,,,,0.256,0.214,,,0.218,0.286,,0.184,,,0.31,,0.242,0.182,0.226,,0.23,0.244,,,0.206,0.218,,,0.138,,,,,,,,,0.21,,,,
Fomro1,0.1765,0.002381519,0.234,,,,,0.2,0.31,0.23,,,,,,0.156,0.096,,0.174,,,,,,,0.174,,0.232,,,,,0.136,,,,,0.204,0.176,,,,0.11,0.148,0.176,,,,,,,0.216,,0.1,,,,,,,,,,,0.218,,,,0.218,,,,0.156,,,,,,0.156,0.174,,,0.236,0.142,,0.146,,,,,0.118,,,0.164,,,,,0.142,,,
Antser1,0.29,0.009138927,0.206,0.302,,,,,0.298,0.184,0.392,0.264,,,,,,0.322,,0.298,,,0.32,0.316,,0.178,,0.18,0.318,,,,,,,,0.358,,0.17,,,,0.116,,0.14,0.368,0.294,,0.28,,,,,,,,0.396,,,0.262,0.258,0.396,0.348,,,0.3,0.408,,0.196,0.36,0.482,,0.112,,,,0.33,0.29,0.138,,,0.37,0.2,,,0.15,0.46,,0.318,0.35,,0.312,,,,,,,,0.44,,
Fompi3,0.368571429,0.009061257,0.244,,,0.428,,0.21,0.328,,,,,0.34,,,,,,,,,,,,,,,,,0.444,0.432,,,,0.28,,0.202,,,,,,,0.224,0.444,,,,,,,,,0.326,,0.416,,0.362,,,,,,,,0.484,,,,0.516,,,,,,,,,,,0.354,,,,,0.466,,,,,,,,0.36,,,,,0.482,,0.398
Daequ1,0.217096774,0.00799569,,,0.146,,0.142,,0.264,0.116,0.276,,0.192,,,,,,,,,0.176,,,,0.094,0.286,0.18,,,,0.334,,,0.174,,,,0.138,,,,,0.116,,,,,,,,,,,,,,,,,,0.334,,,0.19,,0.324,,0.088,0.264,0.484,,,,0.17,0.218,,,,0.182,,,0.168,,0.214,,0.338,0.21,,,,,,,,0.288,0.246,,0.106,0.272,,
Pospl1,0.283483871,0.003961591,,,,0.396,,,,,0.314,,,,,,,,,,,,0.306,,,,,,,,0.338,,0.154,0.338,,,,,,,,,,,,,,0.178,,,,,0.314,0.296,,0.25,,0.294,,,0.338,,0.206,,,0.226,0.286,,,0.188,,0.342,,0.18,,,,0.33,0.332,0.288,0.188,,,,0.32,,0.312,0.34,,0.272,,,0.33,,,0.366,,0.296,,0.228,0.242,
PosplRSB12_1,0.266814815,0.003205926,,,,0.318,0.192,0.246,,,,,,0.264,,,,0.236,,,,,,0.234,,,0.314,,,0.266,0.326,0.29,,,0.228,,0.29,,,,,0.238,,,,0.25,,,,,0.33,,,0.188,,,,0.264,,,,0.364,,0.232,0.23,,,,,,0.438,,,,,0.306,,,,,,,,,,,,0.256,,0.246,,,0.246,,,,,,,0.236,0.176,
Antsi1,0.252666667,0.006756923,,0.252,,0.298,,0.268,0.25,0.144,,,,,,0.204,,,0.222,,,,,,,,0.372,,,,,,,0.238,,,,0.138,,,,,,,,,0.278,,,,,0.36,0.284,,0.338,0.194,,0.294,0.282,,,,,0.12,,,0.274,,,0.168,0.442,,,,,,,,,,,,,,,,,,,,,0.3,,,0.178,0.38,,0.232,0.154,,,0.158
Laesu1,0.153647059,0.002560357,,,,,,,0.154,,0.19,,0.094,0.162,,0.094,,,,,,0.156,0.192,,,,,0.112,0.102,0.138,,0.232,0.052,,,,,0.1,,,,,,,,,,,,,0.198,0.246,,,,,,,,,0.118,0.242,,,,,0.188,0.12,0.132,0.174,,,,,,0.2,,,,,0.09,0.142,,,,0.086,,,,0.15,,,0.194,0.118,0.126,0.25,0.212,0.17,,0.15,0.14,
Wolco1,0.241333333,0.005186769,,,,,,,0.312,,,,,,,,,,,,,,0.276,,,,0.344,,,,,,,,,,,0.19,0.202,,,,,,,,,,0.142,,,0.312,0.314,0.226,0.29,,0.248,,,,,0.388,,0.144,0.242,,,,,,,0.262,,0.15,,,0.2,,0.246,0.272,0.188,,0.226,0.094,,0.186,,,,,,,,,0.22,0.348,0.314,,0.18,,,
Pycful1,0.293655172,0.02193002,,,,,0.13,,,,,,0.29,,,0.454,0.11,,,,,,,0.382,,0.164,,0.4,,,0.44,,,,,,,,,0.318,,,,,,,0.338,,0.162,,0.536,0.478,,,,,,,,,,0.472,0.106,,,0.112,,0.15,,0.148,0.534,0.346,,0.066,,0.36,0.202,,0.398,,,,,,0.364,,,,0.07,0.304,0.442,,,,,,,,0.24,,,
Spalat1,0.143885714,0.002543516,0.14,,0.142,,0.164,,,0.132,,,,,0.078,,0.15,,,,,,,,,0.112,,,,,,,0.09,,,,,0.16,0.132,,0.116,,0.044,,,,,0.15,0.16,0.08,,,,,,0.178,,,,,,,0.074,0.108,,0.17,0.272,0.18,0.11,0.184,,,,0.096,,,0.202,,,,0.148,,,0.098,,0.15,,,0.102,0.264,,,,,0.154,,,,0.232,0.13,0.182,0.152
Possti1,0.303666667,0.005028754,,0.314,,,,,,,,0.276,,,,,,,,,,,0.276,,,0.158,,0.264,,0.294,,,,,,,,,,,,0.332,,,,0.332,,,,,0.422,0.372,,0.26,0.324,,,0.39,,0.262,,,,,,,0.326,,0.16,,0.46,,0.272,,0.258,,,0.338,,,,,,,,0.218,,,,,0.31,0.344,,,,0.326,,,,,,
Cersu1,0.155705882,0.001330456,,,,,0.158,,0.148,,,,,0.14,,0.12,0.108,,,0.166,0.11,,0.216,,,,,,,,,,,,0.194,,,,,0.112,,0.18,,,0.086,0.136,,,0.248,0.148,,0.236,0.178,0.124,0.13,,,0.116,,,0.152,0.198,,,0.146,0.172,,,,,0.142,0.2,0.174,0.14,,,,,0.138,,,,,0.128,,,0.168,0.164,0.156,,,,,,,,0.162,,,,,
Obbri1,0.148206897,0.001255527,,,0.098,,,,,,,,,,,,,,,0.156,,,,,0.136,,,,,0.08,,,0.142,,0.208,,,0.136,,,0.162,0.184,,,,,,0.102,0.236,,,0.208,,,,0.184,,,0.158,,,0.17,0.15,,,0.178,0.146,,,0.154,,0.146,0.16,,,0.146,0.138,,,,,,,0.102,0.116,0.134,,,,,,,,0.118,0.144,,,,,0.106,,
Flafl1,0.111217391,0.001912996,0.054,0.046,,,,,,,,,0.146,,,,,,,,,,,,,,,,,,,0.194,,0.03,,,0.152,,,0.14,0.148,,,0.122,,,,,,,,0.106,,,,0.178,,,,0.076,,,,0.072,,0.112,,0.128,,,,0.112,,0.118,,,,,,0.13,,,,,,,,,0.098,,,,,,,0.122,,0.07,,0.048,,0.156
Irplac1,0.114054054,0.001193886,0.104,,,,0.116,,,0.122,,0.098,0.17,0.074,,0.066,0.08,0.156,,,,0.112,0.13,0.112,,0.088,,,,0.072,0.098,0.176,0.114,,,,0.178,,,,,,0.056,,0.09,,0.11,,,,,0.134,,,0.104,0.206,,0.09,,,,0.086,,,0.108,,,0.142,,0.116,,,,,,0.138,,0.12,,0.144,,,,,,0.1,,0.098,,,,,0.096,,,,,,,0.062,,0.154
Hydfim1,0.082333333,0.000681678,0.06,,0.08,,0.076,,,,,,0.09,,0.072,,0.038,0.086,,0.056,,,,,0.044,,,0.082,,,,0.126,,,,,,,,0.092,0.124,0.036,,0.094,,,,,,0.072,,,,,,,0.064,,0.078,0.062,0.096,,,,,,,,,0.102,0.108,,,,,0.12,,,,,0.078,,,,0.074,,,,,,,0.07,,,,0.114,0.082,,0.054,,0.14,
Cervir1,0.114758621,0.000670975,,0.128,,,,,0.106,0.104,,,,0.078,0.118,,,,0.068,,,,0.124,0.128,,,,,0.102,,0.168,,,,,,,0.12,,0.114,0.12,0.144,,,,,0.134,0.074,0.114,,,,0.08,,,0.138,0.128,0.096,,,,,,,,0.082,,0.114,,,0.128,,,0.114,,,,,,0.134,,,,,,0.102,,,,,,,,,0.09,,,,,,0.178,
Lepmol1,0.270769231,0.002488665,,0.274,0.308,,,,,,,,0.218,,,,,,,0.228,,,,,,0.264,0.304,0.258,,0.274,0.344,0.378,,,,,,0.238,0.246,,,0.25,,,0.212,,0.32,,,,,,,,0.264,,,,,,,,0.274,,,,,,,,,,,,0.316,0.26,0.196,,,0.31,0.204,,,0.228,,,,,0.206,,,,,,,,0.298,,,,0.368,
Phchr2,0.082965517,0.001054177,,,0.064,0.066,,,,,,,,,,,,,,,0.032,0.058,,0.138,,0.052,,,,,,,0.092,,0.072,0.07,,0.124,,,,,,0.118,0.07,,0.092,0.076,0.09,0.096,,,,,0.044,,,0.07,,,,,,0.058,,,0.126,,,,,0.09,,,,,,,0.048,,,,0.046,,0.038,,,,,,0.14,,0.09,0.074,,,0.132,,,,0.14,
Phchr3_2,0.077285714,0.001509989,,,,,,0.074,,0.08,,0.052,0.046,0.022,,,,,,0.052,,,0.062,0.146,,,,,,,,,,,,0.058,,0.134,,,0.076,,0.01,0.114,,,,,,0.086,0.08,0.066,,,,0.096,,0.074,,0.042,,,0.04,,,,0.128,,,,,,,,,,,,,,,,,,,,,,,0.052,0.13,,0.08,,,,0.128,,,0.022,0.154,0.06
Phaca1,0.141435897,0.001149673,,0.086,,,,0.15,,,,,0.124,,,,0.082,0.142,0.156,,,0.116,,0.19,,,,,,0.184,0.142,0.178,0.152,0.074,,0.086,,0.176,,,0.172,0.11,,,0.112,,,0.16,,0.116,,0.156,0.102,,,,,,,0.142,0.164,0.166,,0.112,,,,,0.11,0.14,0.16,,,0.182,,0.148,,0.168,0.104,,,0.122,,,,0.132,0.134,,,0.158,0.196,,,,,,,,,,0.212,
Phlgi1,0.118866667,0.000737292,0.092,0.14,,,,,,,,,,0.098,,0.076,0.116,,,0.11,0.134,0.148,,,,,,,,,,,,0.084,,0.104,,,0.14,,,0.112,0.052,,0.14,,,,,0.126,,,0.116,0.092,,,,0.136,,0.144,,,,,,,,,,,,,,,0.158,,,,0.09,,0.108,,0.112,0.118,0.174,,,,,,,0.142,0.14,,0.154,,,,0.11,0.1,,
Bjead1_1,0.1285,0.000824774,,0.076,,,0.144,0.132,,0.134,0.114,,,,,,,,,,,0.1,,,,,,,,0.138,,0.146,,,,,,,,,0.17,0.084,,0.152,0.074,,,,0.13,,0.134,,0.094,,,,0.138,,,,,,,,0.13,,,0.146,,,0.162,,,0.144,,0.182,0.12,0.138,,0.192,0.08,0.12,,0.104,0.112,0.114,,,,0.126,,,,,,,0.144,,,,,0.138
Phlrad1,0.100666667,0.00075954,,0.106,,0.086,0.138,,,0.13,,,,0.084,0.116,,,,,0.086,,0.132,,,0.074,0.098,,0.094,0.066,,,,,,,0.07,,,0.072,,,,0.056,0.08,,,,,,,,,,,,,,0.1,0.092,,,,,0.062,,,,,,,,,,,,0.16,0.136,,,,,0.086,,0.084,0.13,0.124,0.116,0.122,,,,0.092,0.08,,,,,,,,0.148,
Phlcen1,0.170864865,0.001191898,,,,,,,,0.124,,,,,,0.122,0.162,0.16,,,,0.206,0.154,,,,0.13,0.19,,,,,0.178,,0.184,,,0.176,,,0.236,,0.104,0.14,,,,,0.208,,0.17,0.214,,0.136,0.146,0.232,0.164,0.15,0.196,,0.182,,,,,,0.18,,,,0.222,,0.17,0.172,,,0.178,0.212,,,0.168,0.094,,,,,,,,,,0.172,,0.154,0.162,,,,,0.146,0.228,
Abobi1,0.101116279,0.002340058,,,0.14,0.082,,,0.06,,0.05,0.082,,0.06,,,0.09,0.094,,,,,0.062,,0.028,,0.064,,0.056,,0.132,0.072,0.08,,,,,,0.136,,,0.112,,,0.15,,,0.08,0.086,,0.176,0.092,0.088,,,,,0.062,,0.076,,,,0.072,,,0.092,,,0.186,,0.158,0.046,0.17,0.222,,,0.08,0.168,0.182,,,0.06,0.09,,0.042,,0.104,,,,0.078,,0.174,,,,0.042,,,0.172,
Abobie1,0.118857143,0.001575361,0.084,0.09,0.146,,,0.09,,,,,,,,,,0.11,,,,,,,,,,0.068,,,0.12,,,,,,,0.086,0.15,,,,0.068,,0.158,,,,,,0.164,,0.086,,,0.132,0.124,,0.094,,0.102,0.106,0.09,,0.078,,,,,0.166,,0.164,,0.168,0.206,0.102,,,0.148,0.186,,,,,0.076,,,,0.076,0.104,0.092,,,0.148,,,,,0.084,0.092,0.202,
Clibor1,0.12369697,0.00082103,,,,,,,,0.134,0.132,,0.104,0.118,0.168,0.064,,0.138,0.122,0.112,,,0.128,0.12,0.078,0.118,0.128,0.13,0.128,,0.178,0.184,0.132,0.074,,,,,,0.12,,,,0.174,,0.136,,,,,,,0.112,,,,,0.112,,,,,,0.116,,,,,,,,,0.124,,,,,,,,,0.106,0.082,,,0.176,,,,,,,0.108,,,0.104,,0.122,,,,
Cerun2,0.128137931,0.001266552,,,,,,,,0.108,,,,,0.122,0.05,0.136,0.108,,,,0.154,,0.094,0.078,,,0.07,0.088,,,,,,,,,,,0.086,,,0.106,,,,0.168,,,,0.15,,,,,,0.18,,,0.152,,0.134,0.154,,,0.142,,0.156,,,0.158,0.118,0.096,,,,,,,,0.184,,,,,0.108,0.14,,0.16,,0.184,,,,,,0.132,,,,,
Panru1,0.130580645,0.001451518,,0.14,,,,,,0.092,,,,0.07,0.124,,,,,,0.13,0.156,,,,,,,0.09,0.172,0.126,,,,,0.124,,,,,,0.124,,0.092,0.134,0.086,,,,0.14,0.176,,,,,,,0.072,,0.168,0.16,,,,,0.134,,,,,,,,,0.136,,,0.176,0.14,,,0.072,,,,,0.184,,,,0.176,,0.076,0.212,0.106,,,0.098,,,,0.162
Epityp1,0.190736842,0.000761821,,0.196,0.16,,,,,,0.218,0.212,,,0.206,,,0.154,,0.184,0.156,,,,,0.182,0.156,,0.194,,0.216,,0.234,0.19,,,0.216,,,,,0.222,,,0.196,,0.176,,,,,,0.198,,,,0.224,,0.19,0.184,,0.204,,0.148,,,,0.226,0.16,0.214,,,,,0.242,,,,0.176,,,0.162,0.126,,0.178,0.188,,,,,,,,0.23,0.204,0.148,0.19,,,,,0.188
Crudry1,0.257096774,0.005863157,,,0.158,,,,,0.17,0.296,,,,,0.332,,,,0.222,0.258,,0.282,,0.252,0.18,,,,0.254,0.38,,,0.242,,0.24,,,0.172,,,,,,,,,,,,0.424,,,0.21,,0.192,,,0.254,,,,,,,,0.242,,,,0.466,,,,,,0.212,,,,0.172,,0.244,,,,,0.234,,0.306,0.404,0.274,,,,,0.272,0.232,0.206,,,0.188
Crison1,0.1298,0.001470993,0.092,,,,,,,0.082,0.148,,0.064,,,,0.11,0.11,,,,0.168,0.112,0.102,,,,,,,,,,0.072,,0.098,0.176,0.16,,,0.158,,0.076,,,,,,,,,0.154,,,,0.21,,,0.128,,,0.168,,,,,,,,0.16,0.152,0.17,,,,,,0.132,,,0.102,,,,0.116,0.11,,0.112,,,,,,,0.128,,,,0.114,,0.21,
Aurvu1,0.189461538,0.002003058,0.204,,,,,,,,,,0.126,0.222,,0.182,0.29,0.188,,,0.286,,,0.148,,,,,0.17,,,,,0.186,0.198,,,,,,,,0.092,,,,,0.188,,,,0.23,,,0.18,,,0.15,0.134,,,,,,,,,,0.138,,,,0.204,,,,0.212,,,,0.192,0.174,,,,,,0.19,,,,0.218,,,,,0.242,,,0.182,,
Lenvul1,0.126181818,0.00142587,,,,,,,0.148,,,,,,,0.094,,,0.17,,,,,0.066,,,,,,,0.108,,,,0.07,,,,,,,,,,,,,,,,,,,,,0.186,,0.09,,,0.174,0.132,0.16,0.112,,,0.112,,,,,,0.086,0.094,,,0.092,,,,,,,,,,,,0.11,,0.128,,0.188,0.138,0.144,,,,,,,0.174
Clapy1,0.278064516,0.003695862,,0.266,,0.248,0.322,,,,0.312,,,,,0.184,0.248,,0.33,0.302,0.244,,,,,,,,,0.32,,,0.31,,0.196,,0.308,,0.306,,,,0.086,,,,,,,0.316,,0.212,,0.296,,0.396,,,,,0.296,,0.292,,,,,,,,,,,,,,,,,,,0.19,0.326,,,,0.254,,,0.338,,,0.326,,,,0.218,0.254,0.312,,0.29,0.322
Lopni1,0.066545455,0.000631688,,,,,,,,,,,,,,,,,0.112,,,,,,,,,0.03,0.102,,,,,0.09,,0.072,,,,,0.07,,,0.04,,,,,,0.042,,,,0.064,,,,,,,,,,,,0.046,,0.056,0.094,,,0.036,,,,,,,0.088,0.062,,,,0.098,,,,,,,,0.04,,,0.066,0.058,,0.036,0.06,,0.102,
Ricme1,0.054536585,0.000454605,,,0.04,,0.044,0.03,,0.026,0.04,,,,,,0.072,0.05,0.1,,0.062,0.036,,,,,,,0.094,0.048,0.034,,,0.092,,0.066,0.052,,,0.044,0.078,0.05,0.044,,,0.03,0.058,0.042,,,,,,0.078,,,,0.044,,,,0.05,,,,,0.064,,0.08,0.046,,,,,,,0.044,0.052,0.088,,,0.034,,0.096,0.026,,,0.032,,,,,,0.06,,0.05,,,,0.03,0.09,0.04
Scysp1_1,0.1536,0.000593,0.178,,,,,,,,,0.152,,,,,0.184,,,0.13,0.184,,0.114,,0.112,,,,0.142,,,0.156,,0.15,,,,0.17,,0.142,,,,,,,0.176,0.126,,,,,,,,0.162,,,,,,,,,0.164,,,0.184,,,0.11,,0.166,,,,,0.178,,0.128,,,0.124,,,,,,,,,,,0.172,,,,,0.162,0.174,,
Amycha1,0.352235294,0.006237034,,,,0.376,,0.41,0.352,,,,,,,0.338,,0.366,,,,0.426,0.376,0.366,,0.394,,,0.374,,,,,,,0.22,,0.324,,,0.46,,0.138,,,,0.398,,0.432,,0.234,,0.222,,0.342,,,,0.394,0.25,,,0.272,,,0.394,,,,0.426,0.386,0.216,,,0.39,,,,0.386,,,,0.416,0.432,,,0.424,0.41,,,0.252,,,,,0.38,,,,,,
Echtin1,0.319923077,0.007056794,,,,,,,,,,,0.314,,,,,,0.336,0.332,,,,,0.336,,,,,,0.398,0.416,,0.34,,0.19,,,,,,,0.098,,,0.406,,0.336,,,0.234,,0.25,,,,,0.318,,0.222,,,0.25,0.34,,,0.376,,0.31,,,0.226,,0.416,,,,0.38,,,,,,,,,,,,,0.25,,,,,,,0.376,,,0.428,0.44
Densp1,0.119578947,0.000611368,0.11,,,,0.126,,,,,0.09,,,,,,,,0.142,,0.124,,,,,,,,,,,,,,,,,,,,,,0.1,,0.158,,0.068,,0.16,,,0.102,,0.094,,0.106,,,,,,,,,,,,,,0.142,0.128,,,0.134,,,,0.1,,,,,,,,0.13,,0.148,,,,,,,,,0.11,,,,
Laxbic1,0.146294118,0.001192032,0.176,,,,,,,0.12,0.134,,,0.142,,,,0.112,,0.146,0.126,,,,,,,,0.132,0.112,,0.22,,,,,,,,,0.154,0.134,,,,0.208,,,,0.128,,0.188,,,,0.244,0.178,0.152,,,,,,,0.138,,,0.14,0.144,,,0.194,,,,0.132,,0.158,,,0.114,0.114,,0.124,0.128,,,0.132,0.174,,,0.084,,,,,,,0.126,0.108,0.158,
Hercor1,0.110636364,0.000709481,,,,,,0.098,,0.134,,,,,0.102,,,,0.116,,,0.134,0.092,,,,0.104,,0.122,,,0.176,,,,,0.106,,0.09,,,,0.07,,,,,,,,,,,,0.148,,,,,,,,,,0.116,0.096,,,,,0.164,,0.096,,,,0.082,,,0.102,0.104,,,,,0.102,,,,,,,,,,,0.08,,,,,
Hetan2,0.22775,0.002123548,,,,,,,,,0.214,,,0.156,,,,0.192,0.264,,,0.246,,0.172,,,0.204,0.214,,,0.164,,,,,0.172,,,,,,,,,,0.194,0.236,,0.242,,,,0.208,,,0.32,,0.142,,0.19,0.272,0.252,,,,0.236,0.234,0.26,,,,0.204,,,,,,,0.174,,0.224,,,,,,0.234,,,0.286,,,,0.278,0.216,0.29,,,,,0.308,0.29
Stehi1,0.1178125,0.000530931,,,,,,,0.068,,,0.132,0.104,,,0.078,0.102,,0.086,,0.14,,,,,,,,,0.136,,,0.156,0.126,,,0.12,0.084,,,,,0.08,0.132,,0.1,0.122,,0.118,0.114,,,0.118,,,,,,,,,,,,0.166,0.12,,0.13,,,,,,,,0.144,0.132,0.116,,0.094,,0.124,0.108,,,,0.126,,,,,,,,0.144,0.112,,,,,,0.138
Helsul1,0.371625,0.007408629,,0.394,,0.406,0.344,,,,,,,0.32,,,,,0.402,,0.406,0.326,,0.388,0.38,,,,,0.272,,,0.326,,0.31,,0.326,,0.25,,,0.284,,0.45,0.206,,,0.22,0.494,,,,,,,0.55,0.484,,,0.238,0.358,0.502,,,,,,,,0.394,,,,,,,0.314,,,,0.394,,0.45,,,,,,0.41,,0.464,,,,,,,,,0.368,,0.462
Neole1,0.367764706,0.009525519,,,0.396,,0.442,,,,,,,,,,0.252,,,,,,,0.53,0.614,,,,0.39,0.468,,,,0.378,0.452,,0.516,,0.386,,0.378,0.402,,,0.24,0.418,,0.372,,0.238,,,0.366,0.158,0.31,,,0.242,0.394,0.404,,,,0.202,,0.314,0.512,,,,,,,0.364,0.354,,,,0.334,,,,,0.35,,0.35,,,,,,,,,,0.342,,0.376,0.26,,,
Glotr1_1,0.371483871,0.006003191,0.38,,,,0.348,,,,,0.36,0.316,,,,,0.336,,,,,,0.404,0.35,,,0.396,,,,,,0.264,,,,,,0.292,,,,,,,,,0.502,,,,0.208,,,0.564,0.454,,,0.308,0.366,0.464,,,0.364,,0.318,,,,0.322,0.34,,0.266,,,,0.44,,0.348,,0.356,0.424,,0.366,,,,,0.37,0.502,,,,0.32,,,,,,,0.468
Velabi1,0.4438125,0.007272609,,,,,0.452,,0.46,0.52,,0.49,,0.55,,,,,,0.472,,0.458,,,,,0.524,,,,,,,,,,,0.47,0.43,,,,,,0.322,,,,,0.324,,,0.402,0.202,0.338,,,0.374,,,0.5,,0.494,0.264,0.488,,,,,,0.452,0.458,0.46,,,,0.418,,,0.5,0.464,,,,,,,0.488,,,,0.508,,,,,0.478,,0.326,0.548,,0.568
Jaaar1,0.259032258,0.001471966,,,,,0.262,,,,0.216,0.234,,,,,,,0.276,0.2,,,,0.25,,,,0.246,,,,0.326,,,,,0.274,,,0.212,,0.24,,0.226,,,,0.256,,,,,,,,0.33,,,,0.23,0.256,0.246,0.304,,0.284,0.176,0.266,,,,,,0.266,0.336,0.302,,,,,,,,,,,,,0.264,0.24,,0.308,,0.262,,0.206,0.272,,,,,0.264,
Borrad1,0.37752381,0.004035962,,,,,,,,,0.372,,,,,0.424,0.312,0.396,,0.35,,0.354,,,,0.424,,,,,,,,,,0.436,,,,0.33,,,0.314,,,,,,,,,0.436,,0.196,,,,,,0.316,0.39,,,,,0.344,,,,,0.418,,,,,0.416,0.372,,,,,,0.486,,,,,,,0.438,,,,,,0.404,,,,,,
Vuico1,0.0672,0.000496333,,,0.064,,,0.078,,,,0.06,,0.06,,,,,0.07,,,,,,0.092,,,0.066,,,,0.044,,,0.056,,0.116,,0.066,0.042,,,0.034,,,,,,,,,,,,0.058,,,,,,,,,,0.128,,,,,,0.052,,,0.048,,,,0.086,,,,,0.05,,0.058,,,0.056,0.056,,,,,0.096,0.076,,0.068,,,,,
Vuicom1,0.064571429,0.000521076,0.038,0.048,0.076,,0.044,,,0.056,,,,,0.062,,,,,,0.1,,,0.066,0.086,,0.072,,0.054,0.06,0.056,,,0.066,,,0.13,0.056,,,,0.068,,,0.06,,,,,,,0.04,0.048,0.058,,,0.04,,,,0.06,,,,0.122,0.068,,,0.064,,,,0.078,,,,,,0.072,,,,,0.086,,,,,,,0.05,0.062,,0.102,,,,,0.05,0.038,,0.024
Punst1,0.129571429,0.000718328,,,,,,0.162,,,,,,,,,,0.158,,,0.158,,,0.122,,,,,,0.18,,,,,,0.064,,0.11,,,0.108,,,,,,,0.11,0.144,0.144,0.106,,,,,0.164,0.152,,,,0.114,,0.122,,,0.118,0.172,,,,,,,,,0.12,0.104,,0.14,0.156,,,,0.122,,,,,,,0.102,0.108,0.104,,,,0.142,,,0.122,,
Galinc1,0.2645,0.002079739,,,0.314,,0.328,0.242,,,,,0.22,,,0.17,,,,,,,,0.28,0.236,,0.262,,,,,,,,,,,0.262,,,,0.274,,,,0.28,0.32,0.294,,0.264,0.296,,,,0.246,0.3,,,,,,,,,,,,,,,,,,0.272,0.322,,0.156,,,,0.19,,,,0.252,,,,,,,,0.298,,,,0.27,,,,,
Xenvag1,0.225882353,0.00204144,,,0.238,0.158,0.254,,,0.26,,,,,0.298,,,,,,,,,,,,,,,0.184,0.302,0.302,,,0.208,0.202,,,,0.168,,0.272,0.128,0.214,,0.268,,0.168,,,0.192,,,,,0.262,0.25,,0.236,,,0.186,0.246,0.162,,,,,,0.224,0.244,0.198,,0.238,,,,,,,,,,,,0.242,0.238,,,0.22,,,,,,0.266,0.192,,,0.17,,0.29
Phlsub1,0.3446875,0.002623641,,,0.344,0.318,,,,,,,,,,,,0.322,0.418,,0.412,,,0.36,,,,,,,,,,,0.308,,,,0.378,0.268,0.4,,0.222,0.294,0.388,,,0.29,,0.342,0.33,,,,,,,,0.376,,,0.348,,0.236,,0.368,,,,0.332,,,,0.304,,0.394,,0.39,,0.332,0.326,0.308,,,,0.364,,,0.362,,,0.368,,,,0.372,,0.456,,,,
Porchr1,0.487133333,0.01280074,0.436,0.55,0.608,,,,0.56,0.516,,,,,,0.616,,,0.25,,,,,,0.534,,,0.618,,,,,,,,,,,,0.446,0.576,0.302,0.362,0.314,,,,,,0.602,,,,,,0.346,,,,0.338,,0.534,,,0.514,,,,,,,,,,,,0.44,0.518,0.47,,0.58,0.484,,,,,0.508,,0.5,,0.276,,0.552,,,,,,0.616,,0.648,
Pornie1_2,0.470857143,0.014228868,,,,,,,,,0.45,,,,0.53,,,,0.25,0.566,0.53,0.566,,,,,0.57,,,,0.594,,0.656,,,0.512,,0.438,,,,0.238,,0.316,,,,0.498,,,,,,0.514,,0.314,,,,0.268,,,0.608,0.424,,0.458,,,,,,0.494,,,,0.49,,,,,,,,,0.45,,,,,0.55,0.262,,,,,0.562,,,,0.462,,0.614
Pheign1_1,0.348294118,0.004201971,,,0.352,0.326,,,,,,,,,0.36,0.326,,,0.246,,,0.318,0.412,,,0.4,0.32,,0.32,,,,0.39,,,,,,,,,0.236,0.154,,,0.37,,0.302,,0.38,,,0.41,,0.33,,,,0.374,0.238,,,0.43,,,,,,0.358,0.43,,,,,,,,0.296,,0.302,0.366,,,0.444,,,,,,0.326,,,,0.322,,0.376,0.396,,0.388,,0.404,0.44
Fomme1,0.430060606,0.002604621,,,0.464,,,,0.384,,,,,,,0.376,,0.436,,0.402,,,,,0.42,0.5,,0.46,,0.418,0.464,,0.502,,0.52,0.31,0.468,,,,0.458,,,0.332,,,,,,0.434,,0.51,0.442,0.336,,,0.386,,,,0.462,0.426,,,,,,,,0.492,,0.422,,,0.416,,,,,0.392,,,,0.424,,,,,,,,0.43,,,0.45,0.426,,,0.366,,0.464,
Onnsc1,0.334896552,0.002862453,0.29,,,,,,,,,,,0.35,,,0.39,,,,,,0.358,0.272,,0.368,,,0.274,,,0.452,0.29,,,,,,,,0.316,,,,,,,0.262,,,,,0.396,,,,,,,,0.376,,0.344,,0.406,0.242,,0.382,,,,,0.362,0.282,,,0.296,0.348,,,,,,0.42,,,,0.304,0.296,,,0.294,,,0.344,,,0.296,,0.306,,0.396
Pheni1,0.455470588,0.005213408,0.442,0.472,0.542,,0.49,0.378,,,,,,,0.532,,,,,,,,0.564,0.448,,,,,,0.508,,,,,,,,0.438,,,,,0.238,0.442,0.322,,0.388,0.38,,,0.456,,,0.446,,0.466,0.376,,,0.408,,,,,,,,0.514,,,,,0.556,0.5,,,0.352,,0.43,,,,,,0.474,,,,0.498,0.484,0.394,,0.516,0.468,0.55,0.498,,,,,0.516,
Phefer1,0.443142857,0.005496423,,,,,,0.404,,,0.462,,0.478,,,,,,0.35,,,,,,0.546,,,,0.484,,,,,,,0.456,,,,0.448,,0.348,0.23,,0.328,,0.43,0.388,,,,,,,0.462,,0.454,,,,,0.52,,0.384,0.51,0.454,0.504,,,0.516,,0.522,,,,0.446,0.346,,,0.508,,0.412,,,,,,,,,,,,,,,0.52,0.498,,,,
Triab1_1,0.262551724,0.002237113,0.23,,,0.26,,,,0.294,,,,,,,,,0.188,0.268,,,,,,,,0.3,,,,,,,,,0.356,0.238,,,,,0.112,,,0.294,,,,,0.25,0.302,,0.274,0.268,,0.28,,,,0.296,,,,,0.222,,,0.244,,0.21,,,,,0.292,0.226,0.302,,0.282,,,,,0.236,,0.278,,,,,,,0.292,,,0.316,0.294,,0.21,,
Schpa1,0.184206897,0.001014956,,0.198,,,,0.156,0.168,,,,,,0.172,0.196,,,0.138,0.186,0.162,,,,,,,,0.14,,0.158,,,0.232,,,,,0.194,,0.21,,0.106,,,,,,0.232,0.236,,0.212,,,,0.21,,0.18,,0.186,,,,0.138,,,,,,,,0.182,0.194,0.198,,0.15,,0.18,,,0.208,,,0.226,,,,,,,,,,,0.194,,,,,,,
Rigmic1,0.2527,0.0020596,0.19,0.236,,,,,,0.174,,0.212,,0.208,0.266,0.314,0.318,0.292,,,,0.288,,,0.226,0.304,,0.266,,,0.22,,0.226,,0.218,,0.24,0.238,,,0.268,,,0.186,,0.174,0.246,,,,0.24,0.31,,,,0.308,,,,0.282,,,0.324,,0.24,,,,,,,,,0.338,0.332,,,,0.2,,,0.206,,,,0.29,0.208,0.25,,,0.246,0.224,,,,,0.248,,0.298,,,0.254
Resbic1,0.207297297,0.002107381,,,0.2,0.184,0.182,,0.224,,0.132,,,,0.188,0.2,,,,,,,0.278,,0.19,,0.148,0.168,,,,,,,0.162,,,,,0.158,,,,,0.198,0.186,,0.232,0.262,,0.224,,,,,,0.142,0.194,0.2,,0.186,0.196,0.338,,,,,0.252,,,0.192,,,,0.256,,0.186,,,,,,,,,,,0.22,0.25,,,0.118,0.198,,0.19,,0.242,,0.25,,0.268,0.276
Sisni1,0.133435897,0.003542516,,0.13,,,0.086,,0.132,0.084,0.208,0.114,,0.072,,,,,,0.118,,0.132,,,0.084,0.132,0.216,,0.092,0.08,,0.268,,0.272,0.072,,,0.124,,0.168,0.1,0.232,0.05,,,,0.262,0.104,,,0.112,,,,0.104,,,0.116,,,,,,,0.094,,,0.136,,,0.116,,,,0.164,,,,,0.08,,,,0.102,,0.112,,,0.112,0.232,,,,0.122,,,,0.204,,0.066,,
Sissu1,0.152416667,0.004508167,,,0.102,,,0.102,,,0.224,,,,0.102,,,0.124,,,0.14,,0.17,0.072,,,0.212,,,,,0.26,,0.278,,,,,,0.158,,0.206,,0.072,,,0.278,,,,,,,,,,,,,,,,,0.078,,,,,,,,,0.138,,,0.066,0.102,,,,,,,,,,,0.112,,0.226,,,,,,0.124,,0.198,,,0.114,
Pormuc1,0.200631579,0.001693861,0.19,0.18,,0.172,0.23,,,0.174,0.264,,0.156,0.224,,,,,,,,,,0.214,0.186,,0.252,,0.222,,0.25,,0.222,,0.172,0.162,,,,0.158,0.236,0.23,0.082,0.17,,0.248,,,,,,,,,0.228,,0.15,,0.262,,0.25,,,0.164,,0.19,,,,0.182,,,,,,0.192,,,0.186,0.182,,0.144,0.192,,,,,0.276,,,,0.176,,,0.24,,,,,0.216,,
Sphst1,0.1366875,0.00045977,,,,,0.128,,,0.13,,0.12,,,0.178,0.114,,,,,,,0.156,,,,,0.118,,,,,,0.162,0.134,0.136,,,,0.142,,0.154,,,,,0.162,0.132,,,,0.08,,,,0.116,0.118,,,0.144,,,0.146,,,0.116,0.118,,0.166,0.118,,,,,,,,,,0.152,,,,,,0.176,0.142,0.142,0.162,,,,0.114,,0.124,,,,,,0.138,0.136
Exigl1,0.120451613,0.000492456,0.14,,0.104,,0.096,0.122,,,0.136,,,0.126,,0.108,0.116,,0.118,,,0.112,,,,0.124,,,0.154,,,,,,,,,,,0.118,,0.134,,0.098,,,,,,0.154,,,,,0.13,,,,0.102,,0.154,,,0.104,,0.12,,0.134,0.154,,0.084,,,,,,,,0.136,,0.128,,,,,0.082,,,,,,0.132,,,,0.09,0.076,,0.148,,,
Sisrad1,0.164137931,0.000603123,,,0.174,,0.178,,,0.16,0.134,,,,,,,,,0.14,,,,,,0.178,,,,0.164,0.188,,,0.108,0.118,,,,,0.182,,,,,,,,0.164,,,,0.172,0.17,,0.156,,,0.128,,,,0.144,,,,0.158,,,0.178,,,,0.198,,,0.166,,,,0.2,,0.146,,,0.168,0.196,0.178,0.15,,,,,,,,,,0.152,,,0.212,
ClaPMI390,0.167705882,0.000991305,,,,,,,,0.152,0.16,,0.146,0.182,,,0.128,,0.2,,,,,,0.132,,0.186,,,,,,0.186,,,0.09,,,,,0.172,,0.116,0.2,0.166,,0.2,0.132,,,,0.16,0.22,,,,,,,0.194,0.168,,0.194,0.124,,0.172,,,0.126,,,0.13,,,,0.188,,0.176,,,,0.188,,0.184,,,,,,,,,0.168,0.212,,0.212,,0.15,,,,0.188
Sisser1,0.139714286,0.000368804,,,0.128,0.1,,,,,,0.132,,,,,,0.156,,,,0.144,0.12,0.152,,,0.132,,,,,,,,,,,,,0.13,,,,0.152,,0.138,,,,,0.136,,0.172,,,,0.148,0.136,,0.16,0.13,,,,,,0.114,,,0.116,0.122,,0.142,,0.198,,,0.134,,,,,,0.154,,,,,,,,,,0.138,0.144,,,,0.132,,0.152,
Botbo1,0.153692308,0.000441502,,0.148,,,,,,,0.192,,0.122,,,,,,,0.174,,,0.156,,,,,,0.154,0.146,,,,0.16,,0.14,,0.166,0.134,0.176,,,,,0.124,,,,0.156,0.142,,,,0.128,,,,,,,,0.156,,,,,,,0.126,,,,,0.156,,,,,0.154,0.156,,,,,0.148,,0.212,0.18,,0.15,,0.14,,,,,,,,,,
Calco1,0.262740741,0.009232046,,,0.204,0.378,0.192,,,,,0.176,,,,,,,,,,,,,0.238,,0.298,,,0.188,,,,0.198,,0.268,,0.236,0.506,,0.124,,0.176,,,,0.198,,0.278,,0.222,0.222,0.206,,,,,,,,0.27,,,,,0.45,0.328,,,,,,,,0.422,,0.348,,,,,,,,,,0.366,,0.182,,,,0.268,,0.152,,,,,,,
Calvi1,0.309333333,0.008208644,,,,0.414,,,,,,,0.186,0.238,,,0.224,0.222,,0.29,0.258,,,,,,,0.268,,,,,,,,,,,0.544,,,,,0.378,,,,0.266,,,,,,,0.278,0.25,0.216,,0.272,0.238,0.332,0.19,,,0.264,0.488,0.344,0.276,0.288,,,0.262,0.352,,0.492,,0.388,,0.298,,,,,,,,,0.384,,,,,,,,,,0.38,,,,
Cercer1,0.309611111,0.008326359,0.272,0.268,,,,,0.282,0.194,0.26,,,,0.29,0.242,,,,0.302,,,0.234,0.314,0.264,,,,,0.232,,0.372,,,0.152,0.296,0.316,,0.55,,,,,0.37,,0.326,,,0.328,,,,,,,,,,,,,,0.252,0.224,,0.504,,,,,,,0.368,,0.444,,,,,,0.224,0.164,,,,0.256,0.478,0.458,,0.292,,,0.29,0.284,,0.32,0.322,0.402,,,,
Dacruf1,0.507,0.006888696,,,,,,0.476,,,0.472,,,,,,,,,,,,0.506,,,,,,,0.512,,0.656,,,0.38,0.466,,,,0.424,,,,,,,,,0.576,,,,,,,,0.428,,,,,,,0.544,0.58,0.612,0.462,,,0.486,0.504,,,0.472,,,,,,0.456,,0.31,,0.52,,,,0.662,,0.5,0.582,,0.582,,,,,,,,,
Uniuni1,0.455448276,0.005851685,0.594,,,0.468,,,0.548,,0.4,0.438,,,,,,,,0.43,0.55,0.484,0.422,,0.516,,,0.448,,,0.46,,0.414,,0.318,0.446,,,,,,,,,,,,,,,,,,0.44,,0.572,,0.404,,,,0.468,,,,,0.388,,,0.37,,,0.564,0.396,,,,,0.552,,0.418,0.274,,,,0.54,,,,0.414,,0.472,,,,,,,,,,
Dactort1,0.292322581,0.002732826,,,,,0.318,0.226,,0.33,,0.25,0.274,0.288,,0.346,0.294,,,0.304,,,,,0.312,,,,,0.266,,,0.262,,0.184,,,,,0.232,0.298,,,,,,0.358,,0.338,,0.328,,,,,,0.228,0.26,,0.312,0.3,0.31,0.352,,,,,0.326,,,,,,,0.436,,,,,,0.256,0.19,,,,,,,0.328,,,,0.294,,0.262,,,,,,,
Lened_B_1_1,0.061567568,0.000202697,0.054,,,,,0.084,,,,,0.066,,,,,0.068,0.058,,0.064,0.05,,,0.072,0.074,,,,,,,0.072,0.068,,0.06,,,0.044,,,0.052,,,,0.062,0.092,,,,,0.068,,,,,0.05,0.046,,,,,,0.032,0.052,,0.06,,,0.042,,0.04,,,0.058,0.07,0.052,0.092,0.064,,,,,,,0.068,0.066,,,,0.078,0.052,0.064,,0.042,0.086,,,0.056,,,