Project_code,mean,var,trial_1_A,trial_2_A,trial_3_A,trial_4_A,trial_5_A,trial_6_A,trial_7_A,trial_8_A,trial_9_A,trial_10_A,trial_11_A,trial_12_A,trial_13_A,trial_14_A,trial_15_A,trial_16_A,trial_17_A,trial_18_A,trial_19_A,trial_20_A,trial_21_A,trial_22_A,trial_23_A,trial_24_A,trial_25_A,trial_26_A,trial_27_A,trial_28_A,trial_29_A,trial_30_A,trial_31_A,trial_32_A,trial_33_A,trial_34_A,trial_35_A,trial_36_A,trial_37_A,trial_38_A,trial_39_A,trial_40_A,trial_41_A,trial_42_A,trial_43_A,trial_44_A,trial_45_A,trial_46_A,trial_47_A,trial_48_A,trial_49_A,trial_50_A,trial_51_A,trial_52_A,trial_53_A,trial_54_A,trial_55_A,trial_56_A,trial_57_A,trial_58_A,trial_59_A,trial_60_A,trial_61_A,trial_62_A,trial_63_A,trial_64_A,trial_65_A,trial_66_A,trial_67_A,trial_68_A,trial_69_A,trial_70_A,trial_71_A,trial_72_A,trial_73_A,trial_74_A,trial_75_A,trial_76_A,trial_77_A,trial_78_A,trial_79_A,trial_80_A,trial_81_A,trial_82_A,trial_83_A,trial_84_A,trial_85_A,trial_86_A,trial_87_A,trial_88_A,trial_89_A,trial_90_A,trial_91_A,trial_92_A,trial_93_A,trial_94_A,trial_95_A,trial_96_A,trial_97_A,trial_98_A,trial_99_A,trial_100_A
Hypsu1,0.459583333,0.007184341,,,,,,,0.452,,,,,0.378,,,,,0.534,0.476,0.28,,,,,,0.636,,,,0.432,,0.406,,,,,,,,,,,,,0.53,,0.338,,0.536,,,,,0.486,0.498,0.392,,0.364,,,0.488,0.334,0.514,,,,,0.5,,,,,,,,,,0.538,,,0.448,0.586,,0.452,,,,,,,,,,,,,,,0.432,,
Phohig1,0.368413793,0.003663251,,,,,0.446,0.248,,,0.286,,0.392,,0.416,,,,0.374,,,0.392,0.366,,0.36,,0.508,,0.402,,,,0.344,,,,,,,,0.358,,,,,0.472,,,,0.384,,,0.34,,,0.334,,,,,,0.378,0.362,0.356,,0.438,,,,,,,,,0.232,0.33,,,,,,,,,,0.298,0.426,0.4,0.366,,,,,,,0.362,0.314,,,,,
Phoaln1,0.456969697,0.00778828,,,0.456,,0.552,,0.45,,,0.348,,0.324,,,0.536,,,,,0.55,,0.386,0.494,,0.64,,0.624,,,0.492,,,0.502,,0.342,,0.388,0.344,,0.39,,0.406,0.356,0.57,0.364,,,,,0.524,,,0.52,,0.468,,,,,,,,,0.504,,,,,,,,,,0.394,,0.372,,,0.35,,0.6,,0.446,,,,,,0.488,,,,,,,,0.442,0.458,,
Gymch1,0.36462069,0.003556887,,,0.442,0.332,,0.338,,,0.318,0.414,,0.406,,,,,,,0.312,,,,0.406,0.354,,,,,,,0.418,,,,0.378,0.362,,0.344,,,,,,,0.418,0.298,,0.438,,,,,0.458,0.314,,,0.29,0.352,,,0.276,,,,,0.322,,,,,,,0.254,,,0.448,,,,,,0.428,,,,,,0.378,,,,0.26,,,,,0.406,0.41,,
Gymjun1,0.34592,0.004768827,0.316,0.374,,0.318,,,0.438,,0.282,,,,,,,,,,0.246,,,,,,,,,,,,,,,,,,0.436,0.352,,,,,,,,0.292,0.422,,,,,0.332,,,0.46,,0.326,,,,0.256,,0.306,,,,0.442,,,0.386,,0.28,0.244,0.406,,,,,0.36,,,,0.456,,,,,,,,,0.262,,0.32,,,,,,0.336
Galma1,0.46230303,0.00322753,0.406,0.418,0.43,0.342,0.522,,0.484,0.514,,,,,0.538,,0.464,,,,,,0.496,,,,0.588,,,0.4,,,0.376,,0.502,,,,,0.41,,0.476,0.512,,,,,,0.436,0.42,0.482,,,,,,,,,,,,,,0.43,,0.438,,0.512,,,,0.476,,,,,,0.46,0.528,,,0.544,0.414,,,,,,,,0.418,0.514,,0.474,,,,0.364,,0.468,
Creces1,0.376258065,0.006906865,,,0.306,0.318,0.372,,0.362,,,0.302,,,0.498,,0.326,0.354,,,0.246,,,0.37,,,,0.496,,,,,,,,0.404,,,0.384,0.384,0.444,0.254,,0.294,,,0.464,,,,,0.55,,,0.318,,,,0.378,,,,,,,,,,,0.296,,,,,,,,0.284,,,,,,,,0.324,0.406,,,,,0.54,0.502,,0.456,,,0.392,,0.294,,0.346
Crevar1,0.334242424,0.006867689,0.322,,,,,,,,,,0.308,,0.456,0.274,,,0.278,,,0.254,,0.358,,,,0.494,,,,0.3,,,,,0.27,0.332,,,0.452,,,,,,0.42,,,,,0.454,,0.292,,,0.27,,0.364,0.286,0.25,,,0.334,,,0.262,,0.37,,,,0.296,0.244,,,,,0.306,,0.238,,,0.272,0.29,,,,,0.276,,0.486,0.508,,0.452,0.262,,,,,,
Crula1,0.522709677,0.004130013,0.452,,0.484,0.488,,,,,,,,,0.568,0.532,,,,,,0.532,,,,,,0.504,0.608,0.396,,0.546,0.53,0.544,,0.554,0.446,,,,,,,,,,,,0.488,,,,0.482,0.598,0.524,0.588,,0.398,,,,0.502,,,,,,,0.644,,,0.528,,,,,,,,0.538,,,,,,,0.658,0.572,0.524,,0.53,0.572,,,,,0.456,,,,,0.418
Cyastr2,0.33288,0.00304436,,,,,,,,,,0.316,,0.27,,,,0.314,0.42,0.29,0.286,,,0.276,0.366,,,,,0.384,,,,,,,0.386,,,,,0.302,,0.294,0.26,0.386,0.388,,,0.344,,,,,,,,0.384,0.246,,,0.462,,,,,,0.314,,0.268,,,,,0.346,0.314,,0.336,,,,,,,,,,,,,,,,,,,,,,,,0.37
Plucer1,0.475935484,0.001700129,,,,,,,,,0.49,,0.512,,,0.512,,,,,,,,,0.476,0.452,,0.494,0.54,,,0.466,,0.494,0.51,,0.388,0.452,0.482,0.522,,,,,,0.508,,0.454,0.516,0.43,0.446,,,0.478,,,0.424,,,0.476,,0.46,,,,0.526,,,,0.418,,0.424,,,,,,,,,,,,,,,,0.448,,,,,0.472,,0.478,,,0.578,,,0.428,
Volvo1,0.496909091,0.003643023,,0.506,0.5,,,,0.55,0.558,,,,0.406,0.534,,,0.418,0.408,0.566,,,,,,,0.542,,,0.464,,,,,,,,,,,0.462,,0.54,0.374,,0.498,,,0.56,,0.488,,,,,,0.528,,,0.52,,,0.422,0.492,,,,0.514,0.628,0.446,0.508,,0.514,,0.464,,,,,,,0.524,,,,0.426,0.57,,,0.514,,0.564,,0.39,,,,,,,,
Panst_KUC8834_1_1,0.705294118,0.002531123,,,0.646,0.748,0.768,0.68,,,0.7,,,,0.76,0.732,,0.77,,,0.632,,0.644,,0.668,,,,,0.692,,,0.704,0.672,0.694,,0.78,0.618,,,,,,,0.762,0.78,0.722,,0.762,,,,0.596,,,,,0.68,0.678,,,,,,,0.758,,0.736,,,,,,0.714,,,0.72,,,,,,0.722,,,0.722,0.72,,,0.632,,0.64,,,,,,,,0.728,,
Panst_LUM_1_1,0.715828571,0.003628558,,,0.646,,,,0.718,0.77,,0.702,,,,,,,,,,0.708,0.638,0.696,0.636,,,,,,0.748,,,0.64,0.696,,,0.594,,0.76,,,,,,,,,,,0.786,,0.61,0.726,,,,,,,0.766,,,,,,0.742,,0.742,0.718,0.75,0.766,,,,,,,0.736,0.782,,,0.718,0.8,0.764,,,0.766,,0.562,0.756,0.628,,0.768,0.76,,,0.732,0.724,,,
LedTMI1148_1,0.98516129,0.000128206,,0.98,0.99,0.98,0.986,,,,,,,0.99,0.984,,,,,,,0.99,,,,,0.992,,0.978,,0.986,,,,,0.994,0.99,0.986,0.992,0.99,,,,,,,,,,,,,,0.984,,,,,,,,,,0.996,,,0.992,,,,,,0.98,,0.98,0.988,0.992,,,0.984,,,0.984,0.986,0.98,,,,,0.984,0.932,1,,,,,,,,,0.978,0.992
Lenedo1,0.978608696,0.000155431,,,,0.974,,,,,,0.96,,0.972,0.976,0.966,0.99,,,,,,,,,,,,,,,,,0.974,,0.984,,,,,,,,,0.982,0.992,,,,0.978,,,,0.978,,,,0.988,,,,,0.986,,,,,,,,,0.986,,,,,0.976,,,0.986,,0.994,,,0.984,,,,,,0.936,,0.974,,,,,0.986,0.986,,,
LedVB361_1,0.9716,9.40E-05,0.958,0.98,,,0.984,,0.958,,,,,0.98,0.976,,,,,0.962,,0.974,,,,,0.984,,,,,,,,0.976,,,,,,0.972,,,,0.978,,,,,0.958,,,0.962,,,,,,,,,0.972,,,,,,,,,0.97,,0.954,,,,0.958,,,0.972,,,0.98,,,,,,,0.974,,,0.964,,,0.978,,0.978,,,,0.988
Lened1,0.826117647,0.001266652,,0.892,,0.816,,0.714,,0.828,0.854,0.802,,,0.824,0.798,,,,,0.748,,,0.792,,0.822,,,,,,,,0.818,,0.806,,0.828,,,,0.844,,,,0.822,0.814,,0.792,,,,,,,,,,0.872,0.872,,,,0.866,,,0.808,0.83,0.864,0.854,,,0.824,,,0.848,0.818,,,,0.874,,,,,0.84,,,,,0.832,0.79,,,,0.846,0.836,,,,,
LedB17_3,0.937151515,0.000451008,0.908,0.974,,,0.966,,,,,,,,,0.936,0.918,,,,0.9,,,,,0.912,,,0.964,0.962,0.958,,,,0.936,,,,,,,,0.918,,0.948,,,,,0.95,,0.92,,,,,,,0.964,0.958,,,,,,,,0.95,0.926,,0.932,,0.918,,0.922,,,,0.92,,,0.954,0.926,,0.956,0.944,0.898,,,0.938,,0.916,,,,,0.934,0.93,,,0.97,
Lentinedodes1,0.983642857,0.000159423,0.996,0.988,,,0.994,,0.982,,,,0.986,,,0.974,,,,0.998,,,,0.982,,0.99,0.982,,,,,,,,,,,,1,,,,,,0.98,0.982,,,,,0.982,0.984,,0.984,,0.99,,,,0.994,,0.98,,0.99,0.988,,0.972,,0.992,,,,0.962,,,0.982,,,,,0.988,,,,,,,,,,0.934,,,0.986,,,,,,,,
Led_CS584_1,0.97116129,0.00025914,,,,,,,,,,,0.952,,,,0.978,0.966,0.988,,,,0.972,0.932,0.99,0.976,,,0.988,,,,0.982,,0.956,,,,,0.968,,,,0.978,,,,,,0.984,0.982,,0.98,,,,,,,,,0.976,,,,,,0.982,,,,0.952,0.96,0.994,0.966,,,,,0.978,,,,,0.962,,0.952,0.978,,,0.928,,,0.96,,0.98,0.986,,,0.98,,
LedTMI1633_1,0.958611111,0.000179159,,,,,,0.958,,,,0.926,0.956,,0.938,0.96,,0.96,,,,,0.962,0.946,,,,0.986,0.962,0.966,0.964,,0.966,0.952,0.96,,,0.934,,,,0.974,,,,,,,,,,0.968,,0.962,0.962,,,,0.954,,,,0.974,,,,,0.964,0.966,,,,0.948,,,0.96,,,0.974,,0.966,,0.96,0.95,,,0.956,,,0.952,0.922,,0.964,,,,,0.958,,0.98,,
Lennov1,0.978714286,0.000112656,,,,,,,,0.992,,,,0.982,,,0.972,,,,,,,0.972,0.986,,,,,,,,,,0.982,0.984,,0.99,,,0.992,0.988,,0.982,,0.976,,,,,,,,,,,,0.98,,,,0.956,,,,,,0.98,,,,,,,0.968,,0.988,0.98,0.968,0.982,,,,,,,,,,0.982,0.944,,0.974,0.974,0.976,0.982,,,,0.982,0.99,
LnoICMP18003A_1,0.814105263,0.000777718,,,0.776,0.828,,0.734,,,0.864,0.816,,,0.834,0.792,0.798,,,,,0.818,,0.788,,,,,,,,,,0.77,0.762,,,,,0.818,,,0.848,0.81,,,0.822,,,,,0.836,0.796,0.838,0.848,0.846,,,,,,0.812,0.81,0.852,,,0.808,,,,0.838,0.794,,,0.804,,,0.834,0.822,,,0.834,0.8,,0.774,,0.822,0.806,0.808,,,,,0.852,,,,0.824,,,,
LboTFB7810_1,0.954277778,0.000266778,0.95,,0.946,0.95,0.954,,,0.928,,,0.966,,0.98,,0.966,,,,0.954,,,,,0.938,,,,,0.962,,0.942,,,0.968,0.972,,,0.964,,0.946,0.972,,0.962,,,,0.96,,0.958,,0.932,,0.958,0.968,,,,,0.958,,,,,0.952,,0.938,,0.916,,,,,0.922,,,,,,,,,0.982,,,,,,,0.952,,0.936,0.942,0.956,,0.978,0.946,,,,0.98
LboET3784_1,0.912466667,0.00043274,,,0.922,0.894,,0.906,,,0.906,0.85,,0.898,,,,0.928,,,0.944,,,,0.914,,0.924,,0.922,,,0.908,0.91,,,,,0.91,,,,,,,,,,0.904,,0.91,,,0.906,,,,,,,,,,,,,,,,0.936,0.902,,,0.922,0.92,0.874,0.956,,,,,,,,,,,0.918,0.914,0.932,0.896,,,0.906,,0.896,,,,,0.946,,
Lbo_TFB10291_1,0.960666667,0.000249143,0.96,,,,0.96,0.93,,,0.968,0.916,0.946,0.976,,,,0.952,,,,,,0.95,,,0.972,0.976,0.962,,,,0.95,,0.932,,0.966,,,,,0.96,0.976,,,,0.966,,0.966,0.962,0.976,,,,0.952,,,,,,0.968,,,,0.97,,,,0.968,,,0.958,,,,,0.98,,,0.988,,,0.95,0.976,0.962,0.976,0.942,,0.964,,,,,0.934,,,,,0.974,,,
LboTFB10292_1,0.941310345,0.000562365,,,,,,,0.964,0.92,0.93,0.85,,,,,,,,,,0.96,,,,,,,,0.964,,0.926,,,0.922,0.97,,,0.954,0.948,,,,,,,,,0.948,,,,,0.96,0.942,,,0.928,,,,0.95,0.946,,0.952,0.936,,,,0.92,,,,,,,,0.964,0.938,,0.97,,,,0.956,0.958,,0.922,,,,,,0.924,,0.94,,0.936,,,,
Lbo_TFB10827_1,0.925172414,0.000550148,,,0.94,,,0.882,,0.93,,0.864,,,,,,,,0.944,,,0.958,,,0.93,,,,,,0.916,,,0.914,,,,0.924,,,,0.968,,,,0.918,0.958,,,,,,,,0.918,,0.912,,,,,,0.962,,,0.936,0.924,,,0.946,,,,0.896,,,0.926,,,,,0.922,,,,0.888,0.914,,0.916,,,0.924,,,0.924,,,0.936,,0.94,
Armost1,0.305333333,0.012529471,,0.49,0.296,,0.212,,,,,,,0.31,0.326,,,,0.316,,,,0.188,,,,0.488,,0.484,,,,,,0.266,0.132,,,0.282,,,0.146,,,0.406,0.238,,0.124,,,,0.206,,,,,0.268,,,,,,0.348,0.476,0.214,,0.44,,,,,,,0.228,,0.28,,0.294,,,,,0.504,,,,0.424,,,0.256,,,0.254,,,,,,,,0.264,
Armosto1,0.306705882,0.008615971,0.264,,,,,,0.312,,0.276,0.332,,0.268,,,,0.274,,,0.13,0.362,,,0.264,0.276,0.432,0.09,0.46,,,,,,,,0.266,0.286,,,,,,0.252,0.388,,,,,,,,,,,,,,0.218,,0.256,0.356,,0.406,,,0.49,,,,,,,,0.256,,,,,,0.294,,0.456,0.386,0.19,0.244,0.468,,0.238,,0.368,,,0.314,,0.31,,,,0.246,,
Armbor1,0.31283871,0.015126606,,0.468,,0.142,,,,,,0.38,,,,,0.368,0.332,,,,0.42,,,0.322,,0.488,0.138,0.486,,,0.338,,,0.29,,,0.37,,,,,,,0.5,,,,,0.364,0.312,,,0.334,,0.18,0.222,,,0.366,,0.398,,,,,,0.172,,,0.236,0.126,,0.22,,,,,,,,0.334,0.526,,,,,,0.252,,0.396,,,,0.074,,,,0.144,,,
Armga1,0.33048,0.011971427,,,,,,,,0.294,,,,,0.382,0.454,,,0.368,,,,,,,,,,,,,,,,,,0.44,,,0.364,,,,,,,0.504,,,0.338,,,,0.326,,,,,,0.494,,,,,0.228,,,,,0.32,,0.136,,,,,,,,0.376,,,,0.442,0.244,0.354,0.444,0.346,0.286,0.322,,0.208,,,0.08,,,,0.152,0.36,,
Armcep1,0.40226087,0.014186292,0.448,0.514,,,0.214,,,,,,,,,0.496,,,,,0.21,0.44,,,,,,,,,,,,0.414,0.286,,0.514,,,,0.302,,,,,,0.604,,,,,,,,,,0.244,,,0.524,,,0.458,0.53,,,0.47,,0.516,,0.31,,,,0.414,0.358,,,,,0.392,,,,,,,,,,0.416,,,,,,,,0.178,,,
Armnab1,0.141833333,0.002881362,,,,0.092,0.158,,,,,,,,,,,,,,0.134,,0.126,,,,,0.108,,,,,,,0.244,0.106,,,,,0.158,0.096,,,,,,0.09,,,,,0.09,,,0.116,0.2,0.11,,,,,,,,,,0.166,,,0.228,0.106,,0.194,,,0.072,,,,,,,,0.192,,,,0.264,,,0.124,,,0.088,,,,0.142,,,
Armfum1,0.37144,0.008565173,,0.462,0.358,,,,0.412,,,,,,,,,,,,,,0.286,,,,,,,,,0.374,,,,,,,0.358,,,,0.352,,,,0.448,0.188,,0.446,,,,0.424,,,,,0.324,,,,,,,,0.47,,0.422,,0.354,,,0.33,,,,0.348,,,,,,0.574,0.286,0.344,0.496,,,,,,0.346,0.384,0.132,0.368,,,,,,
Armlut1,0.345111111,0.005327163,,,,,,,,0.36,,,,0.324,,,,0.328,,,,0.454,,,0.32,,,,,,,0.424,0.296,,,,,,,,,,,,,,,,,0.448,,,,0.42,,,,,,,,,,,0.258,,,,,,,0.284,0.346,,0.352,0.394,,,,,,,0.432,,,,,,,,,,,,0.19,,,,0.268,,,0.314
Armme1_1,0.397885714,0.005920457,0.45,,,,,,0.388,0.322,,0.38,,,,,,,,0.306,,0.466,,0.366,,,,,,,,0.42,,0.452,,,,,,0.424,0.446,0.244,0.402,0.342,,0.36,0.562,,,0.422,,,,,0.394,,,,,,,,0.472,0.524,0.208,0.4,,0.328,0.5,,0.412,,0.312,0.368,,0.41,,,0.358,,,,0.42,0.532,,,,,0.482,0.378,,,,,,,0.336,0.34,,,,
Armtab1,0.383571429,0.00452218,,,,0.296,,,0.466,,,0.444,,,,,,,,0.366,,,,,,,,0.364,,0.354,,,,,,0.394,,0.404,,,,0.4,,0.414,0.434,0.448,,0.352,,,,0.45,0.272,,,,,,0.364,,0.346,,,,0.29,,,,,0.432,,,,0.458,,,0.32,,,,,,,,,0.37,,,,0.476,0.44,,0.394,,0.182,,,0.412,,0.398,,
Oudmuc1,0.506076923,0.003276954,,0.556,,,,0.366,,,,0.53,0.518,,0.502,,,,0.522,,0.35,,,,0.506,,,,,,,0.564,,,0.528,,,,,,0.534,,,0.452,,0.498,,,,,0.49,,0.468,,,,0.478,,,0.558,0.48,,,,,,,0.484,,,,,,,0.556,,,,,,0.558,0.49,,0.59,,,,,0.47,,0.586,,0.524,,,,,,,,,
Cylto1,0.510972973,0.002288138,,0.588,,0.456,,0.422,,,0.528,,,,0.562,,0.49,,,,0.46,0.55,,0.488,,,,0.49,,0.464,,,0.492,0.56,,,0.472,,,0.592,0.636,,0.518,,,,,0.524,,0.498,0.532,,0.514,,0.44,,0.562,,0.454,,0.532,,,,0.438,,,,,,0.518,,,,,0.468,,0.516,,,,,0.516,0.578,0.472,,0.528,0.506,0.484,,,,,,,,,0.554,,,,0.504
Cysmur1,0.4668,0.002824166,,,0.432,0.488,,,,,,,,0.374,0.406,,,,,,0.452,,,,0.534,,,0.448,,,,,,0.552,,,,,,,0.452,,,0.386,0.394,0.44,,,0.538,,0.508,,,,0.49,0.508,,,0.432,0.552,0.496,,,,,,0.458,,0.508,0.404,,,,,,,,,,0.38,,0.428,,,,,,,,,0.558,,0.47,0.48,,0.5,0.476,,,,0.46,
Schco2231_1,0.9823125,7.74E-05,,0.988,0.966,0.978,,0.962,,,,,,0.978,0.962,0.982,,,0.988,0.988,,,,0.98,,,,0.986,0.994,,,0.99,,,,0.988,,,,,,,0.978,,0.986,,,,0.986,0.988,,,,0.982,,,,,0.986,,,,,,,,,,,,,,0.984,,,0.978,,0.97,,,0.992,0.992,0.972,,,0.986,0.994,0.97,0.984,,0.988,0.988,,,,,,,,,,
Schco2251_1,0.971157895,0.000123696,,,,,,0.94,,,,,0.962,,,,,,,,,,,,0.984,,,0.99,,,,,,0.97,,,,0.982,,,,,,,,,0.964,,0.964,,,,,0.972,0.968,,,,,,,,,,,,,,,,0.974,0.974,,,0.972,,0.968,,,0.978,,,,,,,,0.96,,,,,,,0.986,,,0.972,,,,0.972
Schco2271_1,0.9816875,9.14E-05,0.998,0.978,0.972,,,,,,,0.99,,,,0.996,0.972,,,,,,0.98,0.988,,0.976,,,,,,,,,0.986,0.976,,,,0.992,,0.986,,,,,0.962,,0.984,,,,,,,0.972,0.99,,0.988,,,,,0.984,0.98,,,,,,,,0.972,0.984,0.986,,,,,,,0.988,,0.972,0.994,0.992,,,,,,0.986,,0.988,,,0.968,,,,0.972,0.962
Schco2071_1,0.988848485,4.98E-05,0.998,,0.988,,1,,,0.996,,,,,0.986,,,,0.986,,0.982,,0.994,0.986,,0.972,,,,,,0.994,,0.994,,,,,,,,,,,0.992,0.998,0.97,0.992,,0.984,0.996,0.984,,0.986,,,,,0.99,0.986,,,0.992,,,0.996,,0.986,,,,,,,,0.992,,,,,,0.988,0.976,,,,0.992,0.982,,0.99,0.992,0.992,,,,,,,,,,
Schco2272_1,0.978064516,7.83E-05,,,,0.978,,0.958,,,,,0.984,0.978,,0.98,0.98,,,,,,0.986,,0.992,0.978,,,,,,,,,0.986,,0.968,0.984,0.982,,0.976,,0.984,,0.984,,0.972,,,0.974,,0.994,,,,,,0.986,,0.97,,,0.986,,0.976,,,,,,,,0.97,,,,,0.96,0.978,,,,,0.978,,,,0.962,,,,,,,,,0.968,,,,0.988,0.98
Schco_LoeD_1,0.971103448,9.99E-05,,0.966,,0.972,0.978,,,,,0.978,0.974,,0.966,,0.966,0.962,,,,,0.976,,,0.98,0.974,,,,0.97,,,0.986,,0.988,0.982,,,,0.968,,,,,,0.976,,,0.97,,,,,0.982,,,,,,0.978,,,0.976,,,,,0.97,,,0.968,,,,,,0.944,0.97,,,,0.948,0.974,,,,,,,,,,0.956,,,,,,0.964,,
SchcoZB2,0.959470588,0.000173166,,0.948,0.96,,0.978,0.936,,,,,,,,,,0.962,0.96,0.974,0.956,,,,,,0.96,,,0.978,,0.962,,0.966,,,,,0.958,0.972,0.974,,,,,,,,0.954,,,0.974,0.956,,,,,,,0.974,0.942,0.956,,,0.964,,,,0.958,0.966,0.964,,0.946,,,0.97,,,,0.96,,,0.914,,0.96,,,0.96,,,,,,,,,0.942,,0.968,0.95,,
Schco_TatD_1,0.979428571,0.000111069,,,,,,,0.988,,,,0.974,,,,,,,,0.978,,,,,,0.982,0.99,,0.99,0.968,,,,,,,0.986,,,0.978,,,0.994,,,,,,,,,,,,,0.98,,,,,0.99,,0.978,,,,,0.982,,0.984,,,0.978,,,,0.95,,0.986,0.988,,0.966,,,,,0.966,,0.98,,,0.99,0.958,,,0.974,,0.99,0.984,,0.972
SchcoZB1,0.982482759,9.45E-05,,,,,,0.96,,,0.992,,,,0.972,,,,,,,,,,0.984,,,,0.988,,0.986,,0.988,,,0.996,0.964,,0.986,,0.988,0.986,,,,,,,,,,,,0.972,,0.986,,,,,0.972,,,,,,,,,0.982,,,0.962,0.996,,,,0.978,,0.99,0.984,,,0.972,0.986,0.984,0.992,,0.992,0.984,,,,,,0.99,,,,,,0.98
Schrad1,0.820162162,0.001010306,0.828,0.798,,0.832,,0.728,0.812,0.88,,0.834,,0.77,0.85,0.822,0.814,,0.818,0.792,,,0.842,,,0.778,0.774,,,,0.802,,,,,,0.804,,,,,,,0.824,0.816,,0.786,,0.824,,,,,0.858,,,0.868,,,0.85,,,,,,,,,,0.858,0.794,,,,,,0.834,0.826,0.792,,,,,0.884,,0.836,,,0.834,,,,,0.82,,,,,0.81,,0.812,0.842
Auramp1,0.895942857,0.000469526,,,,,,,0.89,,0.882,,0.908,0.834,,,,,0.886,,,,,0.878,,0.904,,,,,0.898,,,,,,0.908,,0.902,,,,0.886,,,,,,0.872,,,0.904,,,0.876,0.904,,,,,,0.874,0.926,,0.892,0.914,0.936,0.91,0.916,,,0.92,,,0.946,0.878,,,,,,0.888,0.874,,,,,,,,0.914,,,0.894,,0.892,0.898,0.902,0.868,0.912,0.872,
Fishe1,0.409625,0.001792113,,0.488,0.4,,,0.358,0.408,,,0.404,,0.39,,,0.398,,0.414,,,,,,,,,,,,0.516,0.318,,,,,0.366,,0.462,,,,,,,,,,,,0.42,0.46,,,0.464,0.44,,0.388,0.41,,,,0.41,,,,,,0.36,,,,,0.416,,,,0.4,,,,0.458,0.382,0.432,,,,,,0.422,0.374,,,,0.428,,0.36,0.38,0.354,,0.428,
Denmi1,0.66369697,0.00253628,0.638,0.694,0.598,,,0.608,0.68,,,0.728,,0.636,,,0.664,,0.688,0.666,,,,,0.698,,0.662,0.706,,,0.592,,0.644,0.686,,0.772,,,,,0.756,,0.714,0.642,,,0.67,,,,,,0.596,,,,,,,,,,,,0.53,,,,0.712,,0.59,,0.646,,,,,,0.686,,,0.68,,,,,,,0.674,0.652,,,,,,0.706,0.642,,,0.646,,
PleosPC15_2,0.415419355,0.005401918,0.324,,,,,0.304,,,,0.468,0.366,0.346,0.512,,,0.48,,,0.274,,0.502,,,0.44,,,,0.43,,,,0.496,,,0.354,,,,,0.416,,0.298,0.312,0.426,,,,,,,,,,,0.486,,,,0.412,,,,,,0.402,,,,,,0.46,,,0.47,,0.45,,,0.32,,,,0.456,0.322,,0.502,0.486,,,,0.486,,,,,,,0.388,0.49,
PleosPC9_1,0.372357143,0.003907571,0.276,0.382,,,,0.32,,,,,0.388,0.334,,,,,0.438,,0.258,,,,,,,,,,,0.446,,,0.448,,0.272,,0.452,,0.378,,,0.252,0.322,0.376,,,,,,,,,0.438,,,,,,,,0.398,0.45,,,,,,0.43,0.42,,,0.412,,,,,,,0.336,0.356,,,,0.292,,,,,,,,0.384,,0.424,0.39,,,0.354,,
Radcon1,0.4631,0.001480621,,,,,,,,,0.48,,,,,,,0.432,,,,,,,,,0.542,,,,,,,,0.498,,,,0.456,,,,,,,0.502,,,,,,,0.39,,,,,0.504,0.418,,,,,,,0.484,,,,,,0.452,0.474,0.428,,,,,,,,0.458,0.452,,0.474,,,,,,0.44,,,,,,0.396,0.486,,,,0.496
Anobom1,0.377933333,0.002667168,,0.374,,0.41,,,,,,,0.332,,,,0.336,0.36,,,0.356,0.28,,,,0.334,0.374,0.456,0.36,0.49,,,,,,,,,0.392,,,,,,,,0.322,0.274,,,,,,0.432,,,,,,,0.422,0.416,,0.376,,,0.392,,,,,0.37,,,,,0.474,,,0.43,,0.432,,0.368,0.352,,,,,,,0.4,,,,,,0.328,,0.346,0.35,
Amysub1,0.138095238,0.00085499,,0.136,,,,,0.086,,,,0.124,,,,,0.128,,,,,0.1,,,0.13,,,,0.15,0.156,,0.12,,,,,,,0.18,,,0.158,,,,,,,,,,,0.196,,,,,,,,,0.104,0.142,,,,,,,0.154,0.166,,0.182,0.13,,,,,,,,,,,,0.1,,0.144,,,,,0.114,,,,,,,,
Plicr1,0.346551724,0.001757399,0.404,,,,,,,0.406,,0.368,0.408,0.334,,,0.314,,0.374,,0.402,0.322,,,,,,,0.394,,,0.292,,,,,0.284,,,,,0.314,,,0.416,,,,,,,,,,0.338,0.342,,,0.374,,,,,,0.266,,,0.328,,,,,,,,0.336,,,,,,,0.354,,,,,0.276,,,0.328,,0.354,0.388,,0.346,0.298,0.336,,0.354,,
Intcon1_1,0.5355625,0.003929996,0.482,,,,0.618,0.472,,,,,0.546,0.45,0.578,,,,0.572,,0.394,0.598,,,,,0.594,,,,0.5,0.55,,,,,,,0.548,,,0.46,,0.486,,,,0.616,,,,,0.49,,,,0.58,,0.536,,,,,,0.396,,0.626,,,,0.604,,0.502,,,,,0.558,,,0.522,,0.526,,0.534,0.526,0.646,,0.588,,,,,,0.528,,,0.512,,,,
Anomyc1,0.369583333,0.004070254,,,,,,0.422,,,,,,,,,,,,,0.398,0.378,0.388,0.334,,,,,,,,0.302,,0.422,,0.434,,,,,,,0.498,,,0.314,,0.362,0.49,0.402,0.402,,,,,,,,0.33,,,,0.238,0.382,0.314,,,0.354,,,,0.334,,,0.266,,,0.31,,,,,,,,,0.374,,,,,,,,,,,,,,0.422,
Fibsp1,0.386266667,0.001873306,0.358,,,,,0.308,,0.46,,,0.4,,0.454,,,,,,0.392,,0.41,,,0.37,,,,0.428,0.424,0.402,0.386,,,,,,0.354,,,0.324,,,,,,,,0.38,,,0.33,0.426,,,,0.414,0.384,0.428,0.402,0.442,,,0.288,,,,,,,,,,,0.418,,,0.364,,,,,,0.342,,,,,,,,0.386,,,0.36,,0.418,0.336,,,
Hygaur1,0.246090909,0.001673706,,,,0.26,,,0.186,,,,,,,0.236,0.178,,,0.242,,0.22,0.246,,,0.194,0.31,,,,,,,0.26,,,0.236,,,,,,0.336,,,,0.292,0.244,,,,,,0.296,,,,0.226,,,,,,0.288,,0.208,,,,,,,,0.252,,,,,,,0.264,,,,,,,,,,0.2,,,,,,0.24,,,,,
Leumo1,0.4026,0.006910386,,,0.42,,,,,0.388,0.476,,,,,,,0.434,,,0.416,,,,,,,0.53,,0.466,,,,,,0.572,0.206,,0.4,,,,0.356,,0.476,0.452,0.272,,0.44,,,0.458,,0.308,,,,,,,,,,,0.32,,0.406,0.34,,,,,,0.228,,,0.468,,,,,0.496,,,,,0.462,,,,,0.376,0.402,,,0.358,,0.434,,0.358,,0.36
Conol1,0.231866667,0.003902602,0.174,,0.206,,,0.198,,0.19,,,0.22,,0.192,,0.184,,0.198,,,,,,0.214,,,,0.316,,,,,0.188,,,,,,0.21,,,,0.272,0.322,0.282,,0.198,,,,,,,,0.208,,,,,,,,,,0.184,,0.29,,0.204,,,0.294,,,,0.364,0.22,,,,,0.2,,0.14,,0.18,,,0.316,,0.206,,,,,,0.188,,,,0.398
Conpu1,0.276074074,0.005915533,,,,0.194,,,,,0.284,0.284,,,,,,,,,,,0.184,,,0.152,,,0.334,,0.264,,0.232,,0.278,,0.134,,,,,,0.272,0.312,0.394,0.352,,,,,,0.262,,,0.204,,,0.206,,0.262,,,0.256,,,,,0.334,,,,,0.384,,,,0.398,,,,,,,,,,,,0.194,0.36,,,,0.248,,,,,0.256,,,0.42
SerlaS7_3_2,0.1371875,0.003555577,,,,,,,,,0.214,0.122,0.274,,,,,0.112,,,,,0.068,0.136,,,,0.324,,0.168,,0.064,0.106,0.116,,0.13,,,,,,,,0.082,0.226,,0.118,,,,,0.234,,0.098,0.154,,,0.118,0.114,,,,0.152,,,0.076,,0.116,0.098,0.142,,,0.116,0.148,,,,,,,,,,0.078,,,,,,,,,,,0.134,0.088,,,0.106,0.158,,
SerlaS7_9_2,0.127529412,0.003408984,,,,,,,,,0.208,0.128,0.264,,,0.102,0.078,,,0.092,,,,,,0.1,0.074,0.31,0.094,,0.134,,,,,,0.038,,,0.118,,,0.112,,0.204,,,0.088,,0.13,,0.234,,,,,,,,0.078,0.108,,0.164,,,,,,,0.136,,,,0.164,,,0.148,,,0.094,0.11,0.122,,,,,0.118,0.12,,,0.062,0.12,,0.088,,,0.062,0.134,,,,
Serla_varsha1,0.217703704,0.002154063,,,,0.15,,,,,,,0.334,,,0.184,,,,,,,,0.228,,,,0.346,,0.278,0.216,,,0.188,,,,,,0.204,,,,,,,,,0.2,0.236,0.198,,,,0.242,,,,0.18,,0.216,,,0.178,0.228,,,,,,,0.192,,,,,,,,,0.194,0.212,0.222,,,,,0.238,,,,,,,0.256,,0.148,0.226,,0.218,0.166,
Pycco1,0.386051282,0.017196524,0.316,,0.372,0.384,,0.414,0.372,,,,,,,,,0.674,0.448,0.318,0.376,,,,,,,,0.6,,,,,,,0.35,0.314,,,,0.3,,,0.494,,0.316,0.33,,0.524,,0.538,,,,,0.19,0.254,,0.202,0.556,,0.314,,0.412,0.286,0.254,,,,0.266,,,,0.196,0.344,,,,,,0.402,0.384,0.296,,0.58,,,0.314,,,,0.8,0.406,,,,0.43,,0.412,,,0.318
Pycco1662_1,0.459727273,0.022859922,,,,0.372,,,,,,,0.364,,,,,0.67,,,,0.428,,,0.542,0.472,,,0.642,,,0.152,,0.43,,,,0.408,,,0.338,,,,,,,0.416,,,0.542,,,,,,,,,0.562,,,,,,,,0.276,0.352,0.282,,0.398,,,,,0.51,,0.55,,,,,,0.572,,,,,,,0.836,,,,,,,,,,
Pycsa1,0.250625,0.007457145,,,,0.402,,,,,,0.208,,0.22,,,0.19,,,,,,,,,,,,,,0.182,0.186,0.142,,0.226,,,,0.308,,0.35,,,,,,,,,,0.512,0.176,0.22,0.28,,0.27,0.324,0.15,0.26,,,,,,,0.3,,0.268,,0.29,0.146,,,0.288,,,,,,,,,0.346,0.178,,,0.168,0.392,0.24,,,,,0.14,0.222,0.182,,0.254,,,,
Pycci1,0.405885714,0.012110575,0.35,,,,,,,0.414,,,,,,,,0.574,,,,,,,0.574,0.496,,,,0.344,,0.238,,0.404,,,0.314,0.418,0.352,0.394,,,,,,,,0.514,0.596,0.402,,,0.284,,,0.334,0.312,,,,0.43,,0.316,,,,,,,,,0.392,0.374,,,0.36,,,0.606,0.332,,,,,,0.472,,0.418,0.306,,0.344,0.732,,,0.242,,0.474,0.308,,0.396,,0.39
Pyccin1,0.419538462,0.017366818,,,,,,,,,,,,,,,,,0.446,,,,,0.34,0.582,0.558,,0.304,,,,,,,0.286,,,,0.348,,,,,0.44,0.324,,,,0.622,,0.494,,0.246,,,,,,,,0.406,,,,,0.342,,0.318,,,,,,,,,0.502,0.378,0.636,,0.42,,0.332,,,0.416,0.234,0.39,,,,0.79,,,,,,,0.418,,0.336,
Traci1,0.519461538,0.010482738,,,,,0.4,,,,0.422,,0.672,,,,,,,0.588,,,,,,0.622,,,,0.56,0.424,0.448,,,,,0.486,,,,,,,,,0.46,,,,,,,0.464,,,,,,0.536,,,,,,0.494,,0.488,0.562,,0.43,,,,,0.48,0.538,,,,0.428,,,,,0.578,,,,,,0.518,0.82,,0.37,,,0.538,,,,0.708,0.472
Trapub1,0.474642857,0.008921794,,,,0.408,0.366,0.454,,,,,,,,0.632,0.356,,0.536,0.454,,,0.422,,0.606,0.482,0.558,0.528,,0.502,,,0.366,,,,,0.452,0.536,,,,,,,0.424,,,0.702,,0.532,,0.324,,,,,,,0.542,,,0.466,,0.45,,,,,,,0.452,,0.398,,,0.608,,,0.396,,,,,,,,,,,,,,0.338,,,,,,,,
Trave1,0.678222222,0.007095179,,0.722,,,,,,0.742,,0.614,0.714,,,0.708,,0.788,0.656,,,0.722,,,,,0.602,0.69,,,0.51,,,,,,,,0.602,,,,,,,,,,0.802,,0.666,,,0.694,,,,,0.528,,,,0.55,,,,,,,,,,,,0.59,0.632,0.686,,0.798,,,0.746,,,,,,,,0.66,,0.846,0.722,,,0.622,,,,,0.7,
Tragib1,0.437172414,0.005434433,,,,,,,,,0.368,,,,,,,,0.532,,,,,,,,0.466,,,,0.308,0.312,,0.492,,0.548,0.37,0.556,0.482,,,,0.468,,,0.402,0.43,,,,,,,,0.442,,,0.342,0.396,,,0.466,0.486,,,0.468,0.374,,,0.306,,0.47,,,,0.512,,,,,0.524,,,0.398,0.462,,0.346,,,0.436,,,0.516,,,,,,,,,
Tramax1,0.720275862,0.013283064,0.804,,,,0.46,,,,0.708,0.772,,,,,,,,,,,0.76,,,,,0.798,0.81,,,0.708,,0.812,,,,0.81,,,0.754,,,,,0.74,,0.82,,,,,,,,0.74,,0.55,,,0.816,,,,,,,,0.674,,0.496,,,,0.53,,0.838,0.828,,,,,,,,0.822,,0.75,,0.668,,0.89,,,,0.572,0.606,0.766,,,,0.586
Tramey1,0.709027027,0.010023694,,0.822,,,0.45,,0.806,,,,0.816,,0.744,,,,0.746,0.748,,,,,,,0.772,,,,0.682,,0.71,,,0.824,0.688,,,0.79,,,0.782,,,,,,,,,,0.642,,0.78,,,0.536,0.768,,,,0.738,0.782,,,0.674,,0.652,0.686,0.514,0.744,,,0.552,,,,0.854,,,0.838,0.764,,,,,,0.758,0.646,,,0.81,0.612,0.726,0.582,0.602,,,,,0.594
Lenti6_1,0.892235294,0.002575943,,0.882,,0.82,0.824,,,0.926,,,,,,,0.93,,,0.906,,0.872,,,,0.88,,0.952,,,,0.924,0.798,,,0.978,0.76,,,,0.894,0.9,,,0.91,,,0.926,,0.846,0.854,,,0.922,,,,,,0.936,0.892,0.934,,,0.894,,,,0.886,,,,0.944,,,,0.944,0.9,0.864,,0.932,,,,,,,,0.78,,0.932,,,0.868,,,,,,,0.926,
Lenti7_1,0.8374375,0.002855028,0.89,,,0.784,0.774,0.792,0.818,,,,0.892,,0.878,,,,,,,0.764,,0.816,,,0.818,,,,,,,,0.838,,0.726,0.878,,0.81,,,,0.912,,,,,0.904,0.78,,0.804,0.882,,,0.898,,,,,,,,0.862,,,,0.832,,,,,,,0.858,0.882,,,0.756,0.89,,,,,0.874,,,,0.738,0.818,,0.84,0.898,,,,,,,0.892,,
Sisbr1,0.8636,0.002387333,,0.836,,,,0.838,0.858,,,0.92,,,,0.922,,,,,,,,,,0.864,0.908,,0.9,,0.836,,0.738,0.9,,,,,,0.878,0.836,,,,,,,,,,0.808,0.808,,,,,,0.842,0.882,,0.868,,,,,,0.892,,0.862,,,,,,,,,,,,,0.896,0.928,0.868,,,,,0.768,,,,,,,,,0.934,,,,
Polar1,0.774571429,0.004815657,,,,,,,,0.792,,,,,,,,,,0.792,,,,0.826,,,,0.862,,,,,,,0.75,,,,,,0.816,0.696,0.812,,0.844,,0.786,,,0.804,0.646,0.68,,,,,0.672,0.654,,,,,,,,,,0.762,,,,,,,,,,0.75,,,,0.864,,,,,0.83,,,,,,,,,,0.86,,0.768,,,
Polbr1,0.795290323,0.005032146,,,,0.812,,,,0.778,,,,,0.804,,,0.888,,,,,0.842,,,0.808,,,,0.834,,,0.714,,0.758,,0.792,0.85,0.806,,,0.678,,,,,,,0.872,,0.644,0.676,,0.826,,0.844,0.676,0.642,,,,0.862,,0.832,0.798,,,,,,0.858,,,,,,,0.748,,,,,,,0.88,0.866,,,,,,,,,0.814,0.862,,,0.794,,,0.796
Polsqu1,0.641878788,0.003787735,,,,0.584,,0.612,0.71,,,,0.68,0.61,,0.762,0.684,,0.724,0.596,0.66,,,0.598,,,,,0.718,,,0.694,0.51,,,,0.578,0.668,,,,,,,,,0.622,,,,0.506,,,,0.662,,0.522,0.582,,,,,,,0.614,,,0.622,,,,0.706,,,,,,,0.686,0.614,0.698,,,0.662,,,,,,,0.642,0.692,,,0.648,,,,0.654,,0.662,
Earsca1,0.712352941,0.004572478,,,,,0.776,,0.752,,0.612,0.662,,0.634,0.726,,,,,0.774,0.754,,,0.734,,,,,0.73,0.772,0.614,,0.536,,,,,,,,,0.74,,,,,,,0.834,,0.7,0.698,0.692,,0.7,,,,0.75,0.718,0.814,,,,,,0.71,0.66,,,,,0.748,,0.73,0.712,0.782,,,0.652,,,,0.662,,0.802,0.74,,0.738,,,,,0.562,,,,,,,,
Fomfom1,0.658947368,0.00451043,0.67,0.616,,0.652,,0.71,0.744,,0.606,0.594,,,,,0.642,0.74,0.714,,,0.758,,,,0.704,,,,,0.464,,0.496,,,,,,0.656,,,,,,,,0.676,0.672,,,,0.654,,0.65,0.704,,0.59,,,,,,0.668,0.61,0.684,0.65,0.606,,0.766,,,,,,0.624,0.634,,,,0.602,0.7,0.718,,0.662,,,,,,,,0.716,0.722,0.552,,,,0.748,,,0.666,
Hexnit1,0.674628571,0.002604182,0.726,0.634,,,,,0.754,,0.648,,,,0.638,,0.7,,,,,,0.72,,,,,,0.672,,0.568,,0.546,,,,,,0.682,,0.728,,,,0.676,,,0.7,,,,,0.642,0.744,,,0.652,,,0.678,,,0.704,0.618,,0.688,,0.68,,,,,,0.736,0.578,,0.664,,,0.664,0.714,,,0.678,,,,0.742,0.672,,,,0.672,0.594,,,,,0.746,,0.678,0.676
Dicsqu463_1,0.3096,0.022203667,,,,,,,0.748,,,,,,,,0.254,,,,0.3,0.348,,,0.636,,0.448,,0.218,0.298,,,,,0.192,,,,,0.372,0.164,,,0.234,,,,0.174,0.366,0.178,,,,0.158,0.4,,,,0.168,,0.36,,,,,,,0.28,,,,,,0.144,,,,0.208,,,,,,,,,,,0.382,,0.264,,,,,,,,0.446,,,
Dicsqu464_1,0.247783784,0.020927063,,,0.308,0.126,0.144,0.114,0.744,,,,,,,0.324,,0.33,,0.168,,0.348,0.122,,0.628,0.142,0.448,,,,,,,,,0.224,,,0.116,0.376,,,,,,0.246,,,,,,,,,0.394,0.168,,,,,0.36,0.252,,,,,,0.288,0.24,,,,,,,0.128,,,0.172,0.126,0.166,,,,,0.172,,0.14,,0.206,,0.188,0.266,0.106,,,0.158,0.158,0.426,,,0.146
Dicsq1,0.360444444,0.00853485,,0.244,0.412,,,,0.606,,,,,,,0.434,,,,0.282,,,,,,,0.436,0.37,,,,,,,,0.318,,,,,,0.266,,,0.29,,,,,,,,,,,,,,,,,,,,,,,,0.354,,,,0.35,,,,,,,,,0.292,,0.24,,,,,0.444,0.328,0.372,,,,,,,,0.45,,,
Dicsqu18370_1,0.295225806,0.014837781,0.216,,0.42,,,,0.714,,0.224,0.176,,0.232,0.182,0.388,0.318,0.378,0.224,,0.368,,,,0.594,,,0.25,,0.348,,,0.16,,,,,0.244,,,,,,,,0.33,,,0.348,,0.208,,,,,,,,,,,0.32,,,,0.224,0.204,,,,,0.214,0.262,,,,,,,,,,0.236,,,,,,0.408,,,,0.312,,0.194,0.254,,,,0.202,,
Persub1,0.526555556,0.004436483,,,,,,0.534,0.674,0.54,,,0.558,,0.516,0.622,,0.634,,0.482,0.504,,,,,,,,0.564,0.566,,0.47,,0.486,,0.634,,0.5,,,,,,,0.524,,,,0.626,,,0.456,,,0.528,,0.476,0.382,,,,,,,0.516,0.552,,,0.472,0.412,,0.502,,,0.356,,0.538,0.56,0.546,,0.53,0.546,,,0.556,0.55,,,0.54,,,,,,,,,0.504,,,,
Fomro1,0.220571429,0.009587217,0.366,,,,,0.286,0.118,0.112,,,,,,0.224,0.218,,0.23,,,,,,,0.142,,0.154,,,,,0.25,,,,,0.324,0.118,,,,0.362,0.084,0.428,,,,,,,0.266,,0.278,,,,,,,,,,,0.102,,,,0.086,,,,0.3,,,,,,0.326,0.092,,,0.15,0.222,,0.318,,,,,0.26,,,0.234,,,,,0.126,,,
Antser1,0.281,0.005179366,0.4,0.296,,,,,0.222,0.138,0.16,0.314,,,,,,0.254,,0.232,,,0.34,0.302,,0.194,,0.196,0.318,,,,,,,,0.248,,0.228,,,,0.372,,0.452,0.342,0.298,,0.304,,,,,,,,0.356,,,0.324,0.36,0.228,0.266,,,0.3,0.322,,0.154,0.214,0.26,,0.344,,,,0.308,0.286,0.364,,,0.344,0.23,,,0.352,0.15,,0.254,0.294,,0.29,,,,,,,,0.192,,
Fompi3,0.240190476,0.005347962,0.324,,,0.23,,0.312,0.17,,,,,0.232,,,,,,,,,,,,,,,,,0.21,0.086,,,,0.238,,0.326,,,,,,,0.39,0.296,,,,,,,,,0.258,,0.296,,0.206,,,,,,,,0.22,,,,0.162,,,,,,,,,,,0.308,,,,,0.126,,,,,,,,0.242,,,,,0.184,,0.228
Daequ1,0.094,0.000761867,,,0.074,,0.094,,0.112,0.096,0.074,,0.086,,,,,,,,,0.076,,,,0.102,0.098,0.108,,,,0.08,,,0.058,,,,0.102,,,,,0.064,,,,,,,,,,,,,,,,,,0.17,,,0.09,,0.182,,0.078,0.11,0.102,,,,0.07,0.078,,,,0.084,,,0.104,,0.078,,0.058,0.078,,,,,,,,0.09,0.078,,0.124,0.116,,
Pospl1,0.190774194,0.001433781,,,,0.212,,,,,0.146,,,,,,,,,,,,0.186,,,,,,,,0.248,,0.22,0.204,,,,,,,,,,,,,,0.172,,,,,0.22,0.268,,0.206,,0.276,,,0.224,,0.158,,,0.212,0.206,,,0.184,,0.18,,0.21,,,,0.176,0.19,0.196,0.18,,,,0.148,,0.118,0.124,,0.196,,,0.148,,,0.138,,0.216,,0.16,0.192,
PosplRSB12_1,0.140888889,0.002203487,,,,0.18,0.07,0.194,,,,,,0.178,,,,0.152,,,,,,0.158,,,0.09,,,0.16,0.186,0.084,,,0.056,,0.12,,,,,0.136,,,,0.148,,,,,0.156,,,0.208,,,,0.204,,,,0.098,,0.184,0.08,,,,,,0.136,,,,,0.068,,,,,,,,,,,,0.084,,0.192,,,0.17,,,,,,,0.128,0.184,
Antsi1,0.145407407,0.001844558,,0.126,,0.204,,0.194,0.11,0.058,,,,,,0.172,,,0.13,,,,,,,,0.09,,,,,,,0.172,,,,0.252,,,,,,,,,0.158,,,,,0.188,0.178,,0.158,0.122,,0.17,0.124,,,,,0.192,,,0.134,,,0.092,0.144,,,,,,,,,,,,,,,,,,,,,0.134,,,0.162,0.084,,0.112,0.108,,,0.158
Laesu1,0.252117647,0.003774046,,,,,,,0.282,,0.174,,0.18,0.318,,0.284,,,,,,0.172,0.346,,,,,0.196,0.276,0.262,,0.166,0.216,,,,,0.362,,,,,,,,,,,,,0.344,0.292,,,,,,,,,0.354,0.27,,,,,0.288,0.284,0.174,0.204,,,,,,0.234,,,,,0.252,0.278,,,,0.296,,,,0.316,,,0.256,0.18,0.288,0.158,0.146,0.246,,0.21,0.268,
Wolco1,0.212592593,0.004364558,,,,,,,0.124,,,,,,,,,,,,,,0.228,,,,0.14,,,,,,,,,,,0.332,0.094,,,,,,,,,,0.2,,,0.268,0.244,0.306,0.258,,0.25,,,,,0.158,,0.266,0.154,,,,,,,0.252,,0.244,,,0.3,,0.26,0.182,0.238,,0.128,0.278,,0.216,,,,,,,,,0.226,0.14,0.11,,0.144,,,
Pycful1,0.085517241,0.000659044,,,,,0.052,,,,,,0.072,,,0.086,0.094,,,,,,,0.056,,0.084,,0.07,,,0.1,,,,,,,,,0.058,,,,,,,0.08,,0.096,,0.094,0.104,,,,,,,,,,0.07,0.06,,,0.08,,0.094,,0.064,0.098,0.092,,0.11,,0.046,0.162,,0.1,,,,,,0.036,,,,0.096,0.122,0.11,,,,,,,,0.094,,,
Spalat1,0.085485714,0.000865963,0.05,,0.042,,0.062,,,0.03,,,,,0.068,,0.1,,,,,,,,,0.076,,,,,,,0.082,,,,,0.132,0.048,,0.05,,0.08,,,,,0.104,0.108,0.07,,,,,,0.084,,,,,,,0.06,0.098,,0.102,0.094,0.124,0.052,0.084,,,,0.118,,,0.168,,,,0.128,,,0.092,,0.086,,,0.098,0.116,,,,,0.082,,,,0.08,0.048,0.082,0.094
Possti1,0.159416667,0.001032167,,0.128,,,,,,,,0.156,,,,,,,,,,,0.134,,,0.152,,0.16,,0.216,,,,,,,,,,,,0.172,,,,0.12,,,,,0.144,0.186,,0.21,0.204,,,0.146,,0.204,,,,,,,0.194,,0.128,,0.188,,0.138,,0.096,,,0.138,,,,,,,,0.174,,,,,0.168,0.13,,,,0.14,,,,,,
Cersu1,0.284117647,0.00457041,,,,,0.21,,0.262,,,,,0.192,,0.3,0.216,,,0.368,0.282,,0.256,,,,,,,,,,,,0.346,,,,,0.272,,0.318,,,0.238,0.286,,,0.486,0.31,,0.398,0.22,0.366,0.278,,,0.254,,,0.292,0.32,,,0.21,0.332,,,,,0.266,0.31,0.34,0.168,,,,,0.368,,,,,0.266,,,0.27,0.188,0.204,,,,,,,,0.268,,,,,
Obbri1,0.316965517,0.004786177,,,0.35,,,,,,,,,,,,,,,0.374,,,,,0.336,,,,,0.354,,,0.274,,0.398,,,0.354,,,0.252,0.346,,,,,,0.27,0.486,,,0.436,,,,0.24,,,0.288,,,0.34,0.198,,,0.344,0.294,,,0.21,,0.368,0.388,,,0.28,0.318,,,,,,,0.342,0.298,0.312,,,,,,,,0.174,0.258,,,,,0.31,,
Flafl1,0.513391304,0.012712158,0.312,0.616,,,,,,,,,0.376,,,,,,,,,,,,,,,,,,,0.35,,0.69,,,0.474,,,0.362,0.41,,,0.518,,,,,,,,0.62,,,,0.424,,,,0.508,,,,0.688,,0.582,,0.468,,,,0.632,,0.504,,,,,,0.536,,,,,,,,,0.544,,,,,,,0.408,,0.678,,0.592,,0.516
Irplac1,0.609297297,0.007549381,0.408,,,,0.574,,,0.648,,0.604,0.458,0.694,,0.664,0.574,0.58,,,,0.71,0.604,0.62,,0.7,,,,0.704,0.662,0.448,0.664,,,,0.486,,,,,,0.746,,0.668,,0.658,,,,,0.562,,,0.668,0.454,,0.726,,,,0.674,,,0.566,,,0.48,,0.552,,,,,,0.588,,0.62,,0.556,,,,,,0.674,,0.668,,,,,0.716,,,,,,,0.606,,0.56
Hydfim1,0.524733333,0.011997651,0.28,,0.596,,0.5,,,,,,0.352,,0.598,,0.502,0.564,,0.652,,,,,0.678,,,0.636,,,,0.348,,,,,,,,0.374,0.376,0.572,,0.51,,,,,,0.642,,,,,,,0.504,,0.546,0.43,0.578,,,,,,,,,0.45,0.488,,,,,0.554,,,,,0.584,,,,0.59,,,,,,,0.684,,,,0.354,0.622,,0.578,,0.6,
Cervir1,0.388413793,0.004154108,,0.426,,,,,0.39,0.436,,,,0.398,0.39,,,,0.436,,,,0.43,0.416,,,,,0.468,,0.384,,,,,,,0.514,,0.304,0.322,0.39,,,,,0.394,0.406,0.332,,,,0.394,,,0.274,0.324,0.468,,,,,,,,0.414,,0.254,,,0.356,,,0.276,,,,,,0.382,,,,,,0.4,,,,,,,,,0.378,,,,,,0.508,
Lepmol1,0.438,0.00364256,,0.386,0.366,,,,,,,,0.476,,,,,,,0.466,,,,,,0.416,0.432,0.468,,0.522,0.362,0.3,,,,,,0.458,0.464,,,0.424,,,0.51,,0.378,,,,,,,,0.488,,,,,,,,0.418,,,,,,,,,,,,0.384,0.494,0.55,,,0.388,0.508,,,0.488,,,,,0.434,,,,,,,,0.448,,,,0.36,
Phchr2,0.388344828,0.015214591,,,0.294,0.362,,,,,,,,,,,,,,,0.354,0.334,,0.508,,0.274,,,,,,,0.274,,0.268,0.666,,0.558,,,,,,0.484,0.248,,0.226,0.34,0.3,0.592,,,,,0.328,,,0.49,,,,,,0.358,,,0.44,,,,,0.322,,,,,,,0.31,,,,0.328,,0.286,,,,,,0.496,,0.54,0.234,,,0.464,,,,0.584,
Phchr3_2,0.336642857,0.02099972,,,,,,0.29,,0.18,,0.214,0.194,0.224,,,,,,0.332,,,0.252,0.424,,,,,,,,,,,,0.622,,0.498,,,0.206,,0.328,0.484,,,,,,0.576,0.242,0.27,,,,0.134,,0.476,,0.226,,,0.212,,,,0.392,,,,,,,,,,,,,,,,,,,,,,,0.242,0.466,,0.534,,,,0.466,,,0.232,0.55,0.16
Phaca1,0.415948718,0.00384705,,0.41,,,,0.38,,,,,0.404,,,,0.368,0.396,0.456,,,0.442,,0.398,,,,,,0.36,0.364,0.318,0.432,0.472,,0.564,,0.464,,,0.342,0.404,,,0.442,,,0.376,,0.538,,0.448,0.36,,,,,,,0.384,0.42,0.398,,0.488,,,,,0.418,0.346,0.412,,,0.24,,0.418,,0.358,0.47,,,0.49,,,,0.396,0.46,,,0.43,0.428,,,,,,,,,,0.528,
Phlgi1,0.4386,0.004171903,0.252,0.386,,,,,,,,,,0.494,,0.424,0.352,,,0.446,0.43,0.434,,,,,,,,,,,,0.438,,0.552,,,0.458,,,0.374,0.476,,0.502,,,,,0.504,,,0.38,0.46,,,,0.518,,0.41,,,,,,,,,,,,,,,0.348,,,,0.566,,0.396,,0.488,0.44,0.412,,,,,,,0.456,0.486,,0.452,,,,0.392,0.432,,
Bjead1_1,0.5286875,0.003530222,,0.534,,,0.528,0.53,,0.528,0.552,,,,,,,,,,,0.602,,,,,,,,0.526,,0.514,,,,,,,,,0.438,0.484,,0.5,0.572,,,,0.58,,0.494,,0.55,,,,0.468,,,,,,,,0.54,,,0.44,,,0.44,,,0.448,,0.526,0.632,0.484,,0.432,0.552,0.636,,0.646,0.576,0.542,,,,0.608,,,,,,,0.544,,,,,0.472
Phlrad1,0.506,0.004640276,,0.388,,0.508,0.426,,,0.44,,,,0.414,0.446,,,,,0.546,,0.46,,,0.522,0.494,,0.574,0.564,,,,,,,0.654,,,0.506,,,,0.594,0.538,,,,,,,,,,,,,,0.494,0.472,,,,,0.588,,,,,,,,,,,,0.432,0.53,,,,,0.616,,0.486,0.448,0.426,0.474,0.452,,,,0.524,0.62,,,,,,,,0.544,
Phlcen1,0.393243243,0.002332523,,,,,,,,0.412,,,,,,0.44,0.336,0.314,,,,0.408,0.432,,,,0.418,0.406,,,,,0.436,,0.43,,,0.41,,,0.294,,0.46,0.388,,,,,0.46,,0.34,0.402,,0.434,0.38,0.356,0.33,0.442,0.374,,0.352,,,,,,0.43,,,,0.314,,0.448,0.32,,,0.426,0.352,,,0.36,0.494,,,,,,,,,,0.43,,0.366,0.378,,,,,0.38,0.398,
Abobi1,0.659488372,0.018141161,,,0.546,0.75,,,0.754,,0.764,0.7,,0.72,,,0.686,0.558,,,,,0.758,,0.784,,0.73,,0.784,,0.416,0.76,0.75,,,,,,0.606,,,0.702,,,0.542,,,0.782,0.81,,0.486,0.786,0.474,,,,,0.79,,0.706,,,,0.77,,,0.742,,,0.41,,0.53,0.75,0.47,0.374,,,0.692,0.544,0.41,,,0.722,0.742,,0.786,,0.718,,,,0.778,,0.418,,,,0.784,,,0.574,
Abobie1,0.600571429,0.013262487,0.62,0.722,0.526,,,0.704,,,,,,,,,,0.532,,,,,,,,,,0.766,,,0.446,,,,,,,0.774,0.6,,,,0.714,,0.524,,,,,,0.47,,0.498,,,0.63,0.68,,0.66,,0.73,0.69,0.662,,0.666,,,,,0.404,,0.482,,0.464,0.422,0.702,,,0.534,0.374,,,,,0.658,,,,0.726,0.688,0.67,,,0.448,,,,,0.64,0.692,0.502,
Clibor1,0.55630303,0.00351228,,,,,,,,0.518,0.56,,0.514,0.534,0.472,0.626,,0.468,0.626,0.61,,,0.57,0.572,0.628,0.59,0.684,0.562,0.56,,0.416,0.54,0.55,0.634,,,,,,0.576,,,,0.472,,0.564,,,,,,,0.512,,,,,0.596,,,,,,0.554,,,,,,,,,0.568,,,,,,,,,0.526,0.614,,,0.444,,,,,,,0.614,,,0.552,,0.532,,,,
Cerun2,0.639172414,0.001675576,,,,,,,,0.63,,,,,0.642,0.704,0.632,0.656,,,,0.594,,0.636,0.72,,,0.67,0.688,,,,,,,,,,,0.662,,,0.646,,,,0.682,,,,0.58,,,,,,0.586,,,0.598,,0.682,0.59,,,0.614,,0.608,,,0.644,0.664,0.69,,,,,,,,0.612,,,,,0.682,0.608,,0.608,,0.56,,,,,,0.648,,,,,
Panru1,0.528516129,0.003635725,,0.446,,,,,,0.566,,,,0.546,0.49,,,,,,0.55,0.524,,,,,,,0.612,0.516,0.462,,,,,0.614,,,,,,0.522,,0.568,0.48,0.528,,,,0.602,0.496,,,,,,,0.6,,0.48,0.576,,,,,0.522,,,,,,,,,0.514,,,0.478,0.538,,,0.594,,,,,0.5,,,,0.442,,0.618,0.372,0.558,,,0.608,,,,0.462
Epityp1,0.498894737,0.00272361,,0.494,0.534,,,,,,0.488,0.478,,,0.508,,,0.566,,0.512,0.488,,,,,0.506,0.584,,0.522,,0.466,,0.396,0.552,,,0.396,,,,,0.444,,,0.482,,0.502,,,,,,0.492,,,,0.412,,0.498,0.488,,0.534,,0.48,,,,0.4,0.566,0.474,,,,,0.45,,,,0.562,,,0.572,0.578,,0.56,0.506,,,,,,,,0.43,0.538,0.546,0.442,,,,,0.512
Crudry1,0.148322581,0.001688292,,,0.104,,,,,0.112,0.14,,,,,0.154,,,,0.136,0.12,,0.188,,0.128,0.144,,,,0.216,0.166,,,0.122,,0.122,,,0.138,,,,,,,,,,,,0.156,,,0.204,,0.138,,,0.118,,,,,,,,0.202,,,,0.204,,,,,,0.254,,,,0.162,,0.126,,,,,0.056,,0.188,0.136,0.142,,,,,0.086,0.118,0.142,,,0.176
Crison1,0.443533333,0.004394395,0.316,,,,,,,0.458,0.464,,0.47,,,,0.466,0.384,,,,0.486,0.544,0.46,,,,,,,,,,0.524,,0.54,0.318,0.502,,,0.384,,0.576,,,,,,,,,0.49,,,,0.342,,,0.452,,,0.456,,,,,,,,0.324,0.432,0.416,,,,,,0.372,,,0.454,,,,0.456,0.416,,0.498,,,,,,,0.434,,,,0.422,,0.45,
Aurvu1,0.330923077,0.003465354,0.24,,,,,,,,,,0.36,0.244,,0.33,0.268,0.328,,,0.328,,,0.258,,,,,0.366,,,,,0.342,0.388,,,,,,,,0.476,,,,,0.352,,,,0.414,,,0.31,,,0.294,0.294,,,,,,,,,,0.406,,,,0.314,,,,0.294,,,,0.314,0.424,,,,,,0.28,,,,0.284,,,,,0.386,,,0.31,,
Lenvul1,0.275363636,0.004170814,,,,,,,0.282,,,,,,,0.396,,,0.322,,,,,0.32,,,,,,,0.214,,,,0.38,,,,,,,,,,,,,,,,,,,,,0.19,,0.26,,,0.334,0.278,0.27,0.308,,,0.274,,,,,,0.374,0.192,,,0.306,,,,,,,,,,,,0.17,,0.278,,0.242,0.178,0.266,,,,,,,0.224
Clapy1,0.385225806,0.005251647,,0.38,,0.398,0.332,,,,0.388,,,,,0.436,0.35,,0.318,0.342,0.406,,,,,,,,,0.402,,,0.41,,0.436,,0.37,,0.416,,,,0.574,,,,,,,0.358,,0.488,,0.434,,0.204,,,,,0.296,,0.324,,,,,,,,,,,,,,,,,,,0.42,0.356,,,,0.524,,,0.43,,,0.308,,,,0.458,0.382,0.366,,0.344,0.292
Lopni1,0.494,0.025033524,,,,,,,,,,,,,,,,,0.588,,,,,,,,,0.342,0.68,,,,,0.692,,0.662,,,,,0.65,,,0.382,,,,,,0.33,,,,0.638,,,,,,,,,,,,0.344,,0.308,0.658,,,0.412,,,,,,,0.602,0.37,,,,0.644,,,,,,,,0.324,,,0.296,0.652,,0.346,0.314,,0.634,
Ricme1,0.44604878,0.018819498,,,0.36,,0.396,0.324,,0.344,0.354,,,,,,0.392,0.352,0.608,,0.368,0.348,,,,,,,0.714,0.35,0.38,,,0.67,,0.684,0.308,,,0.354,0.67,0.326,0.326,,,0.37,0.43,0.396,,,,,,0.68,,,,0.328,,,,0.362,,,,,0.384,,0.688,0.362,,,,,,,0.378,0.35,0.602,,,0.392,,0.642,0.384,,,0.382,,,,,,0.37,,0.69,,,,0.398,0.662,0.41
Scysp1_1,0.47272,0.002831627,0.398,,,,,,,,,0.51,,,,,0.46,,,0.482,0.362,,0.472,,0.478,,,,0.566,,,0.486,,0.598,,,,0.426,,0.492,,,,,,,0.48,0.514,,,,,,,,0.46,,,,,,,,,0.482,,,0.386,,,0.514,,0.526,,,,,0.428,,0.496,,,0.48,,,,,,,,,,,0.438,,,,,0.414,0.47,,
Amycha1,0.374705882,0.004221305,,,,0.318,,0.308,0.374,,,,,,,0.406,,0.326,,,,0.348,0.392,0.388,,0.288,,,0.422,,,,,,,0.488,,0.392,,,0.276,,0.528,,,,0.406,,0.362,,0.374,,0.43,,0.336,,,,0.284,0.514,,,0.422,,,0.378,,,,0.316,0.38,0.488,,,0.414,,,,0.364,,,,0.348,0.294,,,0.376,0.294,,,0.39,,,,,0.316,,,,,,
Echtin1,0.380769231,0.004510105,,,,,,,,,,,0.384,,,,,,0.362,0.386,,,,,0.416,,,,,,0.274,0.334,,0.386,,0.474,,,,,,,0.526,,,0.334,,0.414,,,0.374,,0.38,,,,,0.338,,0.514,,,0.45,0.336,,,0.338,,0.362,,,0.504,,0.286,,,,0.33,,,,,,,,,,,,,0.408,,,,,,,0.342,,,0.338,0.31
Densp1,0.425789474,0.00901062,0.276,,,,0.428,,,,,0.426,,,,,,,,0.362,,0.566,,,,,,,,,,,,,,,,,,,,,,0.472,,0.342,,0.494,,0.374,,,0.472,,0.524,,0.336,,,,,,,,,,,,,,0.538,0.38,,,0.432,,,,0.498,,,,,,,,0.522,,0.202,,,,,,,,,0.446,,,,
Laxbic1,0.483,0.006294121,0.354,,,,,,,0.554,0.548,,,0.488,,,,0.54,,0.454,0.558,,,,,,,,0.616,0.552,,0.448,,,,,,,,,0.422,0.508,,,,0.36,,,,0.432,,0.468,,,,0.416,0.374,0.46,,,,,,,0.578,,,0.498,0.526,,,0.362,,,,0.528,,0.498,,,0.606,0.53,,0.422,0.49,,,0.494,0.288,,,0.628,,,,,,,0.454,0.478,0.49,
Hercor1,0.606727273,0.003994874,,,,,,0.688,,0.528,,,,,0.638,,,,0.616,,,0.52,0.652,,,,0.678,,0.592,,,0.52,,,,,0.62,,0.648,,,,0.702,,,,,,,,,,,,0.49,,,,,,,,,,0.614,0.602,,,,,0.5,,0.646,,,,0.658,,,0.578,0.556,,,,,0.644,,,,,,,,,,,0.658,,,,,
Hetan2,0.4353125,0.00248119,,,,,,,,,0.51,,,0.384,,,,0.44,0.436,,,0.376,,0.468,,,0.49,0.41,,,0.464,,,,,0.534,,,,,,,,,,0.446,0.444,,0.514,,,,0.456,,,0.398,,0.5,,0.422,0.36,0.41,,,,0.442,0.436,0.39,,,,0.46,,,,,,,0.488,,0.43,,,,,,0.462,,,0.438,,,,0.338,0.428,0.362,,,,,0.338,0.456
Stehi1,0.617625,0.002361919,,,,,,,0.656,,,0.598,0.674,,,0.626,0.604,,0.712,,0.536,,,,,,,,,0.552,,,0.622,0.594,,,0.596,0.6,,,,,0.658,0.56,,0.658,0.608,,0.634,0.654,,,0.57,,,,,,,,,,,,0.48,0.636,,0.64,,,,,,,,0.598,0.608,0.58,,0.648,,0.67,0.616,,,,0.612,,,,,,,,0.588,0.686,,,,,,0.69
Helsul1,0.2535625,0.004803802,,0.2,,0.216,0.294,,,,,,,0.212,,,,,0.174,,0.186,0.21,,0.306,0.34,,,,,0.242,,,0.208,,0.218,,0.17,,0.254,,,0.214,,0.156,0.288,,,0.246,0.328,,,,,,,0.254,0.29,,,0.462,0.366,0.282,,,,,,,,0.224,,,,,,,0.31,,,,0.18,,0.304,,,,,,0.18,,0.252,,,,,,,,,0.192,,0.356
Neole1,0.156882353,0.001982834,,,0.09,,0.222,,,,,,,,,,0.152,,,,,,,0.192,0.148,,,,0.122,0.188,,,,0.2,0.108,,0.088,,0.156,,0.14,0.194,,,0.228,0.152,,0.19,,0.19,,,0.178,0.21,0.13,,,0.202,0.11,0.276,,,,0.16,,0.132,0.166,,,,,,,0.164,0.094,,,,0.16,,,,,0.116,,0.14,,,,,,,,,,0.104,,0.112,0.12,,,
Glotr1_1,0.24483871,0.00286474,0.182,,,,0.314,,,,,0.192,0.23,,,,,0.214,,,,,,0.272,0.33,,,0.17,,,,,,0.264,,,,,,0.222,,,,,,,,,0.298,,,,0.276,,,0.202,0.284,,,0.334,0.334,0.28,,,0.146,,0.24,,,,0.288,0.222,,0.226,,,,0.23,,0.17,,0.184,0.298,,0.2,,,,,0.238,0.208,,,,0.222,,,,,,,0.32
Velabi1,0.2144375,0.001696706,,,,,0.252,,0.154,0.188,,0.22,,0.15,,,,,,0.186,,0.212,,,,,0.156,,,,,,,,,,,0.216,0.214,,,,,,0.284,,,,,0.22,,,0.254,0.294,0.188,,,0.238,,,0.234,,0.19,0.248,0.216,,,,,,0.268,0.23,0.236,,,,0.298,,,0.166,0.21,,,,,,,0.166,,,,0.186,,,,,0.154,,0.204,0.18,,0.25
Jaaar1,0.322322581,0.002946959,,,,,0.36,,,,0.374,0.312,,,,,,,0.348,0.428,,,,0.284,,,,0.352,,,,0.246,,,,,0.238,,,0.364,,0.382,,0.266,,,,0.306,,,,,,,,0.23,,,,0.318,0.388,0.408,0.244,,0.284,0.376,0.356,,,,,,0.358,0.256,0.308,,,,,,,,,,,,,0.272,0.324,,0.294,,0.348,,0.354,0.256,,,,,0.358,
Borrad1,0.226095238,0.00371979,,,,,,,,,0.172,,,,,0.176,0.196,0.202,,0.184,,0.158,,,,0.162,,,,,,,,,,0.216,,,,0.252,,,0.266,,,,,,,,,0.26,,0.354,,,,,,0.342,0.286,,,,,0.212,,,,,0.254,,,,,0.158,0.324,,,,,,0.178,,,,,,,0.22,,,,,,0.176,,,,,,
Vuico1,0.73664,0.00593724,,,0.614,,,0.682,,,,0.772,,0.76,,,,,0.794,,,,,,0.604,,,0.828,,,,0.78,,,0.794,,0.63,,0.748,0.782,,,0.746,,,,,,,,,,,,0.77,,,,,,,,,,0.528,,,,,,0.75,,,0.806,,,,0.732,,,,,0.758,,0.78,,,0.846,0.772,,,,,0.642,0.74,,0.758,,,,,
Vuicom1,0.755771429,0.005560887,0.814,0.784,0.616,,0.822,,,0.794,,,,,0.788,,,,,,0.71,,,0.73,0.596,,0.788,,0.838,0.764,0.726,,,0.814,,,0.64,0.72,,,,0.708,,,0.782,,,,,,,0.784,0.782,0.828,,,0.792,,,,0.742,,,,0.514,0.8,,,0.812,,,,0.74,,,,,,0.774,,,,,0.808,,,,,,,0.786,0.78,,0.648,,,,,0.782,0.788,,0.858
Punst1,0.643142857,0.002699979,,,,,,0.612,,,,,,,,,,0.628,,,0.574,,,0.628,,,,,,0.54,,,,,,0.746,,0.65,,,0.678,,,,,,,0.68,0.706,0.696,0.648,,,,,0.614,0.58,,,,0.678,,0.644,,,0.65,0.618,,,,,,,,,0.62,0.716,,0.686,0.57,,,,0.62,,,,,,,0.666,0.72,0.634,,,,0.548,,,0.658,,
Galinc1,0.399166667,0.00172658,,,0.39,,0.376,0.396,,,,,0.456,,,0.454,,,,,,,,0.366,0.394,,0.44,,,,,,,,,,,0.438,,,,0.364,,,,0.35,0.436,0.4,,0.388,0.4,,,,0.436,0.332,,,,,,,,,,,,,,,,,,0.324,0.362,,0.47,,,,0.456,,,,0.364,,,,,,,,0.416,,,,0.372,,,,,
Xenvag1,0.422705882,0.002003608,,,0.336,0.424,0.408,,,0.448,,,,,0.394,,,,,,,,,,,,,,,0.416,0.38,0.38,,,0.426,0.544,,,,0.422,,0.358,0.524,0.474,,0.42,,0.476,,,0.406,,,,,0.41,0.374,,0.408,,,0.43,0.43,0.47,,,,,,0.402,0.388,0.422,,0.382,,,,,,,,,,,,0.392,0.424,,,0.446,,,,,,0.384,0.414,,,0.492,,0.468
Phlsub1,0.2499375,0.001355738,,,0.284,0.248,,,,,,,,,,,,0.278,0.176,,0.242,,,0.248,,,,,,,,,,,0.28,,,,0.27,0.336,0.186,,0.346,0.266,0.248,,,0.26,,0.262,0.294,,,,,,,,0.208,,,0.26,,0.25,,0.26,,,,0.252,,,,0.192,,0.264,,0.226,,0.264,0.212,0.22,,,,0.234,,,0.236,,,0.236,,,,0.23,,0.23,,,,
Porchr1,0.364533333,0.006817913,0.42,0.348,0.25,,,,0.346,0.366,,,,,,0.26,,,0.496,,,,,,0.308,,,0.27,,,,,,,,,,,,0.428,0.284,0.462,0.45,0.428,,,,,,0.264,,,,,,0.452,,,,0.428,,0.33,,,0.35,,,,,,,,,,,,0.46,0.308,0.39,,0.3,0.404,,,,,0.366,,0.382,,0.556,,0.346,,,,,,0.244,,0.24,
Pornie1_2,0.338142857,0.008007683,,,,,,,,,0.36,,,,0.284,,,,0.482,0.274,0.322,0.254,,,,,0.248,,,,0.272,,0.2,,,0.324,,0.366,,,,0.476,,0.418,,,,0.298,,,,,,0.302,,0.484,,,,0.446,,,0.232,0.398,,0.384,,,,,,0.31,,,,0.334,,,,,,,,,0.342,,,,,0.264,0.534,,,,,0.236,,,,0.394,,0.23
Pheign1_1,0.359411765,0.003508007,,,0.362,0.392,,,,,,,,,0.41,0.344,,,0.436,,,0.344,0.34,,,0.282,0.454,,0.396,,,,0.296,,,,,,,,,0.422,0.514,,,0.366,,0.374,,0.374,,,0.254,,0.376,,,,0.368,0.44,,,0.262,,,,,,0.412,0.27,,,,,,,,0.348,,0.38,0.388,,,0.284,,,,,,0.38,,,,0.358,,0.29,0.304,,0.34,,0.354,0.306
Fomme1,0.263575758,0.001756939,,,0.272,,,,0.322,,,,,,,0.286,,0.272,,0.274,,,,,0.288,0.194,,0.29,,0.268,0.276,,0.186,,0.224,0.344,0.168,,,,0.278,,,0.324,,,,,,0.288,,0.216,0.25,0.332,,,0.294,,,,0.268,0.31,,,,,,,,0.196,,0.262,,,0.224,,,,,0.258,,,,0.23,,,,,,,,0.27,,,0.264,0.242,,,0.27,,0.258,
Onnsc1,0.211931034,0.002100709,0.186,,,,,,,,,,,0.202,,,0.202,,,,,,0.206,0.226,,0.16,,,0.252,,,0.152,0.218,,,,,,,,0.238,,,,,,,0.234,,,,,0.176,,,,,,,,0.212,,0.13,,0.154,0.234,,0.234,,,,,0.246,0.14,,,0.344,0.228,,,,,,0.156,,,,0.178,0.21,,,0.264,,,0.234,,,0.246,,0.272,,0.212
Pheni1,0.308764706,0.00362764,0.298,0.306,0.246,,0.3,0.384,,,,,,,0.264,,,,,,,,0.236,0.282,,,,,,0.314,,,,,,,,0.354,,,,,0.462,0.28,0.434,,0.354,0.314,,,0.316,,,0.312,,0.324,0.35,,,0.352,,,,,,,,0.292,,,,,0.252,0.214,,,0.45,,0.348,,,,,,0.31,,,,0.28,0.296,0.314,,0.26,0.264,0.21,0.246,,,,,0.28,
Phefer1,0.293285714,0.004171323,,,,,,0.336,,,0.27,,0.278,,,,,,0.326,,,,,,0.236,,,,0.218,,,,,,,0.274,,,,0.32,,0.358,0.398,,0.43,,0.294,0.334,,,,,,,0.28,,0.27,,,,,0.276,,0.36,0.24,0.256,0.286,,,0.178,,0.274,,,,0.296,0.444,,,0.214,,0.322,,,,,,,,,,,,,,,0.22,0.224,,,,
Triab1_1,0.470896552,0.00231131,0.444,,,0.476,,,,0.436,,,,,,,,,0.53,0.508,,,,,,,,0.442,,,,,,,,,0.382,0.46,,,,,0.562,,,0.4,,,,,0.45,0.438,,0.504,0.484,,0.468,,,,0.474,,,,,0.486,,,0.544,,0.56,,,,,0.442,0.554,0.414,,0.466,,,,,0.432,,0.506,,,,,,,0.402,,,0.442,0.478,,0.472,,
Schpa1,0.335241379,0.003173261,,0.292,,,,0.392,0.312,,,,,,0.294,0.306,,,0.304,0.36,0.406,,,,,,,,0.366,,0.298,,,0.42,,,,,0.35,,0.278,,0.426,,,,,,0.448,0.38,,0.35,,,,0.262,,0.374,,0.276,,,,0.324,,,,,,,,0.348,0.34,0.192,,0.364,,0.366,,,0.306,,,0.312,,,,,,,,,,,0.276,,,,,,,
Rigmic1,0.29595,0.002302869,0.288,0.314,,,,,,0.354,,0.272,,0.264,0.35,0.326,0.26,0.276,,,,0.3,,,0.324,0.28,,0.322,,,0.298,,0.298,,0.374,,0.222,0.384,,,0.3,,,0.256,,0.244,0.318,,,,0.374,0.334,,,,0.228,,,,0.252,,,0.204,,0.27,,,,,,,,,0.19,0.246,,,,0.362,,,0.316,,,,0.278,0.37,0.314,,,0.296,0.356,,,,,0.286,,0.276,,,0.262
Resbic1,0.424756757,0.003225856,,,0.41,0.422,0.482,,0.45,,0.476,,,,0.438,0.412,,,,,,,0.414,,0.444,,0.486,0.518,,,,,,,0.44,,,,,0.472,,,,,0.426,0.338,,0.402,0.448,,0.396,,,,,,0.466,0.444,0.444,,0.518,0.436,0.254,,,,,0.428,,,0.418,,,,0.374,,0.456,,,,,,,,,,,0.412,0.39,,,0.524,0.386,,0.47,,0.376,,0.322,,0.41,0.314
Sisni1,0.214,0.009761684,,0.146,,,0.206,,0.144,0.14,0.358,0.164,,0.148,,,,,,0.188,,0.164,,,0.194,0.112,0.406,,0.168,0.17,,0.312,,0.452,0.182,,,0.154,,0.384,0.128,0.326,0.24,,,,0.396,0.152,,,0.194,,,,0.172,,,0.196,,,,,,,0.152,,,0.198,,,0.156,,,,0.138,,,,,0.17,,,,0.16,,0.126,,,0.14,0.404,,,,0.144,,,,0.408,,0.154,,
Sissu1,0.257916667,0.01299321,,,0.138,,,0.2,,,0.358,,,,0.188,,,0.17,,,0.15,,0.178,0.154,,,0.408,,,,,0.336,,0.472,,,,,,0.406,,0.362,,0.176,,,0.398,,,,,,,,,,,,,,,,,0.224,,,,,,,,,0.164,,,0.238,0.166,,,,,,,,,,,0.2,,0.38,,,,,,0.118,,0.436,,,0.17,
Pormuc1,0.384842105,0.003559272,0.272,0.33,,0.388,0.426,,,0.41,0.442,,0.394,0.336,,,,,,,,,,0.34,0.386,,0.488,,0.39,,0.326,,0.312,,0.368,0.456,,,,0.512,0.3,0.404,0.53,0.302,,0.35,,,,,,,,,0.426,,0.392,,0.356,,0.36,,,0.426,,0.366,,,,0.306,,,,,,0.454,,,0.444,0.346,,0.388,0.36,,,,,0.32,,,,0.428,,,0.39,,,,,0.4,,
Sphst1,0.484125,0.001382694,,,,,0.504,,,0.486,,0.462,,,0.506,0.516,,,,,,,0.446,,,,,0.506,,,,,,0.524,0.464,0.492,,,,0.502,,0.434,,,,,0.412,0.42,,,,0.5,,,,0.528,0.446,,,0.496,,,0.476,,,0.538,0.488,,0.522,0.482,,,,,,,,,,0.554,,,,,,0.42,0.46,0.506,0.498,,,,0.492,,0.438,,,,,,0.53,0.444
Exigl1,0.452258065,0.001837798,0.424,,0.378,,0.522,0.394,,,0.474,,,0.374,,0.494,0.494,,0.48,,,0.464,,,,0.41,,,0.462,,,,,,,,,,,0.49,,0.456,,0.482,,,,,,0.404,,,,,0.43,,,,0.4,,0.456,,,0.46,,0.536,,0.444,0.534,,0.438,,,,,,,,0.424,,0.428,,,,,0.494,,,,,,0.436,,,,0.472,0.458,,0.408,,,
Sisrad1,0.446482759,0.001933616,,,0.426,,0.464,,,0.438,0.488,,,,,,,,,0.474,,,,,,0.418,,,,0.468,0.364,,,0.508,0.492,,,,,0.432,,,,,,,,0.43,,,,0.482,0.382,,0.416,,,0.414,,,,0.5,,,,0.478,,,0.498,,,,0.406,,,0.422,,,,0.428,,0.444,,,0.426,0.424,0.51,0.436,,,,,,,,,,0.526,,,0.354,
ClaPMI390,0.492764706,0.001864004,,,,,,,,0.516,0.496,,0.51,0.454,,,0.488,,0.454,,,,,,0.498,,0.49,,,,,,0.458,,,0.588,,,,,0.496,,0.524,0.414,0.488,,0.476,0.508,,,,0.574,0.428,,,,,,,0.448,0.446,,0.516,0.488,,0.462,,,0.586,,,0.526,,,,0.52,,0.424,,,,0.496,,0.48,,,,,,,,,0.52,0.49,,0.448,,0.562,,,,0.482
Sisser1,0.462142857,0.001694497,,,0.498,0.464,,,,,,0.42,,,,,,0.43,,,,0.428,0.48,0.39,,,0.474,,,,,,,,,,,,,0.548,,,,0.456,,0.452,,,,,0.434,,0.44,,,,0.49,0.566,,0.478,0.474,,,,,,0.518,,,0.468,0.46,,0.508,,0.392,,,0.422,,,,,,0.476,,,,,,,,,,0.432,0.438,,,,0.438,,0.466,
Botbo1,0.388538462,0.002057458,,0.348,,,,,,,0.41,,0.454,,,,,,,0.356,,,0.408,,,,,,0.39,0.398,,,,0.416,,0.33,,0.368,0.368,0.394,,,,,0.286,,,,0.386,0.372,,,,0.388,,,,,,,,0.406,,,,,,,0.474,,,,,0.278,,,,,0.388,0.396,,,,,0.37,,0.44,0.408,,0.428,,0.442,,,,,,,,,,
Calco1,0.279333333,0.015732308,,,0.278,0.47,0.304,,,,,0.344,,,,,,,,,,,,,0.138,,0.25,,,0.148,,,,0.362,,0.122,,0.31,0.128,,0.35,,0.328,,,,0.342,,0.158,,0.298,0.268,0.336,,,,,,,,0.536,,,,,0.176,0.464,,,,,,,,0.13,,0.46,,,,,,,,,,0.068,,0.322,,,,0.11,,0.342,,,,,,,
Calvi1,0.2464,0.012386041,,,,0.424,,,,,,,0.338,0.232,,,0.276,0.274,,0.09,0.24,,,,,,,0.296,,,,,,,,,,,0.128,,,,,0.048,,,,0.268,,,,,,,0.248,0.26,0.304,,0.286,0.274,0.438,0.304,,,0.24,0.164,0.46,0.24,0.25,,,0.268,0.068,,0.142,,0.424,,0.27,,,,,,,,,0.07,,,,,,,,,,0.068,,,,
Cercer1,0.108611111,0.001254359,0.132,0.096,,,,,0.084,0.06,0.146,,,,0.082,0.124,,,,0.126,,,0.11,0.1,0.136,,,,,0.194,,0.04,,,0.126,0.126,0.098,,0.132,,,,,0.056,,0.074,,,0.162,,,,,,,,,,,,,,0.096,0.106,,0.17,,,,,,,0.096,,0.136,,,,,,0.12,0.152,,,,0.09,0.068,0.08,,0.12,,,0.15,0.076,,0.088,0.048,0.11,,,,
Dacruf1,0.249833333,0.005294232,,,,,,0.284,,,0.258,,,,,,,,,,,,0.194,,,,,,,0.214,,0.098,,,0.208,0.224,,,,0.324,,,,,,,,,0.212,,,,,,,,0.388,,,,,,,0.196,0.286,0.214,0.4,,,0.254,0.296,,,0.292,,,,,,0.338,,0.322,,0.252,,,,0.158,,0.18,0.232,,0.172,,,,,,,,,
Uniuni1,0.285931034,0.002710709,0.192,,,0.336,,,0.208,,0.28,0.314,,,,,,,,0.272,0.25,0.27,0.254,,0.214,,,0.366,,,0.292,,0.314,,0.27,0.256,,,,,,,,,,,,,,,,,,0.332,,0.26,,0.348,,,,0.344,,,,,0.416,,,0.314,,,0.218,0.332,,,,,0.298,,0.228,0.296,,,,0.23,,,,0.298,,0.29,,,,,,,,,,
Dactort1,0.306903226,0.00602769,,,,,0.328,0.352,,0.184,,0.378,0.304,0.348,,0.196,0.334,,,0.272,,,,,0.228,,,,,0.254,,,0.334,,0.194,,,,,0.406,0.296,,,,,,0.374,,0.25,,0.316,,,,,,0.404,0.384,,0.392,0.466,0.374,0.186,,,,,0.33,,,,,,,0.18,,,,,,0.204,0.272,,,,,,,0.334,,,,0.268,,0.372,,,,,,,
Lened_B_1_1,0.81972973,0.000841369,0.81,,,,,0.756,,,,,0.792,,,,,0.826,0.848,,0.782,0.84,,,0.808,0.748,,,,,,,0.824,0.814,,0.84,,,0.85,,,0.848,,,,0.86,0.788,,,,,0.82,,,,,0.876,0.818,,,,,,0.868,0.852,,0.836,,,0.822,,0.84,,,0.814,0.81,0.83,0.794,0.808,,,,,,,0.804,0.828,,,,0.822,0.8,0.828,,0.848,0.768,,,0.81,,,